#{"white_adult"=>0.0, "white_juvenile"=>27.71238899475644, "black_adult"=>0.0, "black_juvenile"=>78.33740380627621, "male_juvenile"=>49.949769613703076, "female_juvenile"=>10.930421792832071}
Year,White Adult,Black Adult,White Juvenile,Black Juvenile,Male Juvenile,Female Juvenile
2005,0.0,0.0,11.035497517013058,0.0,16.966406515100104,3.529328721677137
2006,0.0,0.0,28.423221772187876,33.80662609871535,55.09408374300729,4.633705574347806
2007,0.0,0.0,27.895199879836063,282.82828282828285,65.59258803755175,16.204172574437916
2008,0.0,0.0,57.03181107684508,195.50342130987292,101.519025417356,25.19420533277346
2009,0.0,0.0,30.615815255423374,141.84397163120568,57.87754764562405,12.68284433922381
2010,0.0,0.0,21.854208149191393,0.0,29.032391854340343,8.974243919949744
2011,0.0,0.0,18.301610541727673,0.0,27.10656753407683,4.920533385819023
