#{"white_adult"=>1.2381733805930355, "white_juvenile"=>0.0, "black_adult"=>0.6364076063437111, "black_juvenile"=>0.0, "male_juvenile"=>0.0, "female_juvenile"=>0.0}
Year,White Adult,Black Adult,White Juvenile,Black Juvenile,Male Juvenile,Female Juvenile
2005,1.205080619893471,0.0,0.0,0.0,0.0,0.0
2006,0.598546131446716,0.0,0.0,0.0,0.0,0.0
2007,1.1060172870501968,0.0,0.0,0.0,0.0,0.0
2008,2.0183496819657574,0.0,0.0,0.0,0.0,0.0
2009,2.5880512549172976,0.0,0.0,0.0,0.0,0.0
2010,0.8699182276865975,4.045471095109026,0.0,0.0,0.0,0.0
2011,0.2810844237066603,0.0,0.0,0.0,0.0,0.0
