#{"white_adult"=>6.686136255202392, "white_juvenile"=>1.2455006289778177, "black_adult"=>11.455336914186798, "black_juvenile"=>0.0, "male_juvenile"=>3.3674001986766116, "female_juvenile"=>0.0}
Year,White Adult,Black Adult,White Juvenile,Black Juvenile,Male Juvenile,Female Juvenile
2005,8.134294184280927,18.978933383943822,0.0,0.0,0.0,0.0
2006,5.686188248743801,14.312977099236642,2.36860181434899,0.0,12.714019325309375,0.0
2007,8.848138296401574,9.043635541487678,0.0,0.0,0.0,0.0
2008,6.920056052454025,9.104980424292087,0.0,0.0,0.0,0.0
2009,9.201960017483724,8.652015919709292,0.0,0.0,0.0,0.0
2010,4.349591138432987,4.045471095109026,2.4282453499101546,0.0,4.147484550620049,0.0
2011,3.6540975081865836,17.25625539257981,4.575402635431918,0.0,7.744733581164808,0.0
