#{"white_adult"=>0.0, "white_juvenile"=>3.113751572444544, "black_adult"=>0.0, "black_juvenile"=>13.824247730519332, "male_juvenile"=>2.80616683223051, "female_juvenile"=>4.857965241258699}
Year,White Adult,Black Adult,White Juvenile,Black Juvenile,Male Juvenile,Female Juvenile
2005,0.0,0.0,1.839249586168843,0.0,0.0,3.529328721677137
2006,0.0,0.0,9.47440725739596,33.80662609871535,8.476012883539582,13.901116723043417
2007,0.0,0.0,2.1457846061412353,40.4040404040404,4.099536752346984,4.051043143609479
2009,0.0,0.0,4.37368789363191,0.0,0.0,8.455229559482541
2010,0.0,0.0,4.856490699820309,19.175455417066154,8.294969101240097,4.487121959974872
