#{"white_adult"=>0.6682377031914742, "white_juvenile"=>0.0, "black_adult"=>1.0705033506754875, "black_juvenile"=>0.0, "male_juvenile"=>0.0, "female_juvenile"=>0.42952743391720427}
Year,White Adult,Black Adult,White Juvenile,Black Juvenile,Male Juvenile,Female Juvenile
2008,0.8027092328507862,0.0,0.0,0.0,0.0,0.0
2010,0.6009940441490225,3.224974200206398,0.0,0.0,0.0,0.0
2011,0.605563048196763,0.0,0.0,0.0,0.0,1.2879295244964195
