#{"white_adult"=>0.0, "white_juvenile"=>777.3552758634237, "black_adult"=>0.0, "black_juvenile"=>4563.620279689569, "male_juvenile"=>833.8279269714038, "female_juvenile"=>1188.8722529615438}
Year,White Adult,Black Adult,White Juvenile,Black Juvenile,Male Juvenile,Female Juvenile
2005,0.0,0.0,689.6734597453438,3032.94996845732,660.5730086796221,996.6467088241063
2006,0.0,0.0,718.8037673174273,2765.090729539563,687.0808669478422,1031.7807718393597
2007,0.0,0.0,1004.3703483763946,5544.570437028368,1081.463377513977,1543.8082518346187
2008,0.0,0.0,909.9217794869968,5905.859393150876,961.656684172624,1443.492656975176
2009,0.0,0.0,766.7346788269132,4547.1914405808175,847.1730647064161,1165.9197096631312
2010,0.0,0.0,707.3728916915969,5040.140814837076,824.5362526608454,1119.4206465660056
2011,0.0,0.0,650.0994174162608,5095.392115501804,771.8078646509485,1022.2238871667118
