#{"white_adult"=>0.0, "white_juvenile"=>758.223365204336, "black_adult"=>0.0, "black_juvenile"=>1694.7822675559044, "male_juvenile"=>1147.117095940092, "female_juvenile"=>482.90502164989033}
Year,White Adult,Black Adult,White Juvenile,Black Juvenile,Male Juvenile,Female Juvenile
2005,0.0,NaN,415.5535767289997,Infinity,622.2865412445731,284.29282160625445
2006,0.0,0.0,527.9952250866601,1113.5857461024498,782.2345834600843,357.0813973498537
2007,0.0,0.0,622.4318607308711,2580.6451612903224,985.1551956815115,310.0538782149029
2008,0.0,0.0,1017.3772715578737,2705.5702917771882,1625.1354279523293,609.159626500667
2009,0.0,0.0,1045.2786572189557,2837.370242214533,1634.578726648875,641.6901130361814
2010,0.0,0.0,783.6907598623245,2497.9854955680903,1164.3016788814389,566.4576168318835
2011,0.0,0.0,940.2201935033819,573.8575982996812,1231.2034648888025,630.5832895428272
