#{"white_adult"=>1.116997200707885, "white_juvenile"=>0.7183546804399203, "black_adult"=>0.0, "black_juvenile"=>7.846214201647705, "male_juvenile"=>2.014842674367843, "female_juvenile"=>0.0}
Year,White Adult,Black Adult,White Juvenile,Black Juvenile,Male Juvenile,Female Juvenile
2005,1.480922022050929,NaN,2.4735331948154746,NaN,4.82392667631452,0.0
2006,2.606211252968637,0.0,0.0,37.11952487008166,4.345747685889357,0.0
2007,0.967180346895351,0.0,2.4313744559799653,0.0,4.49842555105713,0.0
2008,1.2863887209436948,0.0,0.0,0.0,0.0,0.0
2009,0.6781040211568454,0.0,0.0,0.0,0.0,0.0
2010,0.0,0.0,0.0,0.0,0.0,0.0
2011,0.70660641669287,0.0,0.0,0.0,0.0,0.0
