#{"white_adult"=>3.6423821762213637, "white_juvenile"=>1.0775320206598806, "black_adult"=>13.352026169971294, "black_juvenile"=>0.0, "male_juvenile"=>2.686456899157124, "female_juvenile"=>0.0}
Year,White Adult,Black Adult,White Juvenile,Black Juvenile,Male Juvenile,Female Juvenile
2005,4.8129965716655185,Infinity,0.0,NaN,0.0,0.0
2006,2.606211252968637,22.993791676247415,0.0,0.0,0.0,0.0
2007,5.158295183441872,11.893434823977165,0.0,0.0,0.0,0.0
2008,3.2159718023592365,10.88613106901807,2.3387983254203992,0.0,4.5142650776453594,0.0
2009,1.3562080423136909,20.77706212341575,2.512689079853259,0.0,9.531071292413268,0.0
2010,3.888024883359253,0.0,0.0,0.0,0.0,0.0
2011,4.5929417085036555,7.453230975627935,3.032968366139941,0.0,4.866416857267994,0.0
