#{"white_adult"=>5.584986003539424, "white_juvenile"=>6.465192123959283, "black_adult"=>43.3940850524067, "black_juvenile"=>0.0, "male_juvenile"=>12.089056046207059, "female_juvenile"=>0.0}
Year,White Adult,Black Adult,White Juvenile,Black Juvenile,Male Juvenile,Female Juvenile
2005,6.293918593716448,Infinity,7.420599584446424,NaN,14.47178002894356,0.0
2006,7.492857352284832,34.49068751437112,11.478157067101305,0.0,21.728738429446786,0.0
2007,4.835901734476755,35.68030447193149,12.156872279899828,0.0,22.49212775528565,0.0
2008,4.502360523302931,32.65839320705422,4.6775966508407985,0.0,9.028530155290719,0.0
2009,5.763884179833187,62.331186370247245,2.512689079853259,0.0,4.765535646206634,0.0
2010,5.30185211367171,56.70541536716756,0.0,0.0,0.0,0.0
2011,4.94624491685009,29.81292390251174,6.065936732279882,0.0,9.732833714535987,0.0
