#{"white_adult"=>0.0, "white_juvenile"=>594.4384980640341, "black_adult"=>0.0, "black_juvenile"=>1655.551196547666, "male_juvenile"=>562.1411061486282, "female_juvenile"=>818.9000731035259}
Year,White Adult,Black Adult,White Juvenile,Black Juvenile,Male Juvenile,Female Juvenile
2005,0.0,NaN,794.0041555357673,Infinity,742.884708152436,1035.6381358513556
2006,0.0,0.0,707.0544753334405,1299.1833704528583,604.0589283386207,946.4808122526242
2007,0.0,0.0,744.0005835298695,4645.161290322581,674.7638326585695,1072.4814475958117
2008,0.0,0.0,650.1859344668709,2599.46949602122,722.2824124232575,867.0520231213872
2009,0.0,0.0,565.3550429669833,2006.9204152249133,533.739992375143,863.8136137025518
2010,0.0,0.0,550.7016150383903,3062.0467365028203,618.5352669057644,768.7639085575561
2011,0.0,0.0,27.29671529525947,42.50797024442083,14.59925057180398,46.709873299468676
