#{"white_adult"=>0.0, "white_juvenile"=>503.18856770469677, "black_adult"=>0.0, "black_juvenile"=>506.6111706712072, "male_juvenile"=>593.7597300565519, "female_juvenile"=>434.4398139953982}
Year,White Adult,Black Adult,White Juvenile,Black Juvenile,Male Juvenile,Female Juvenile
2005,0.0,0.0,3480.2861420728664,3316.796598157335,4071.2731793224903,2982.475848124017
2006,0.0,0.0,3.7775763070414023,0.0,6.028090903610827,0.0
2009,0.0,0.0,102.42721460053386,86.70520231213872,149.38007269830203,47.23169771713461
2010,0.0,0.0,4.3353854157634615,0.0,6.497303618998116,0.0
2011,0.0,0.0,0.0,17.029972752043594,10.602767322271113,0.0
