#{"white_adult"=>0.0, "white_juvenile"=>2845.5057487315553, "black_adult"=>0.0, "black_juvenile"=>5845.998612600114, "male_juvenile"=>2881.906982469606, "female_juvenile"=>4265.555358895558}
Year,White Adult,Black Adult,White Juvenile,Black Juvenile,Male Juvenile,Female Juvenile
2005,0.0,0.0,359.34120778572617,751.2402551381999,326.3234227701233,584.1383958660974
2006,0.0,0.0,3.7775763070414023,43.56033105851605,18.08427271083248,5.963029218843173
2007,0.0,0.0,3773.584905660377,8220.689655172415,3706.1197863578914,5816.894284269095
2008,0.0,0.0,3699.3634644578797,8187.052380283669,3564.084989718986,5763.459013318327
2009,0.0,0.0,3380.098081817617,6632.947976878613,3346.113628441966,4959.328260299134
2010,0.0,0.0,4716.899332350646,8676.15218063718,4924.956143200572,6880.701506258398
2011,0.0,0.0,3658.751099384345,8957.765667574933,3938.928060223718,5831.281586108592
