#{"white_adult"=>12.444131468295142, "white_juvenile"=>0.0, "black_adult"=>35.12457403010581, "black_juvenile"=>0.0, "male_juvenile"=>0.0, "female_juvenile"=>0.0}
Year,White Adult,Black Adult,White Juvenile,Black Juvenile,Male Juvenile,Female Juvenile
2005,93.81138049309607,258.719086873811,0.0,0.0,0.0,0.0
2006,2.2774744760181935,4.937052579609973,0.0,0.0,0.0,0.0
2009,1.091167003109826,0.0,0.0,0.0,0.0,0.0
