#{"white_adult"=>0.0, "white_juvenile"=>684.7352857893762, "black_adult"=>0.0, "black_juvenile"=>1049.7634615299828, "male_juvenile"=>915.0840890125875, "female_juvenile"=>524.9205265797582}
Year,White Adult,Black Adult,White Juvenile,Black Juvenile,Male Juvenile,Female Juvenile
2005,0.0,0.0,716.6325261773172,1056.6341267229718,957.028897376816,538.2940663716997
2006,0.0,0.0,734.5404150983624,1045.8300026645352,973.9516700870029,557.1717959636883
2007,0.0,0.0,754.6143306198113,1367.1422423780991,1033.0935781166645,577.5784894221858
2008,0.0,0.0,826.885562106832,1337.6979006011773,1091.93032734253,647.964171392876
2009,0.0,0.0,763.9862587951168,1240.2787013212292,1007.7042312388311,608.6761294185147
2010,0.0,0.0,523.701473296846,855.5345000557352,712.8919130055428,397.97289402967635
2011,0.0,0.0,476.41697901406036,551.574962822766,643.8385235184184,346.12696499162416
