#{"white_adult"=>0.0, "white_juvenile"=>794.1799991862229, "black_adult"=>0.0, "black_juvenile"=>1385.7230405664577, "male_juvenile"=>767.855837322866, "female_juvenile"=>974.5830507342368}
Year,White Adult,Black Adult,White Juvenile,Black Juvenile,Male Juvenile,Female Juvenile
2005,0.0,0.0,937.7866371229629,1751.3070820079704,828.026220182702,1248.4456397354386
2006,0.0,0.0,941.8025863694883,1731.9477751132426,843.3911226331211,1216.6244144721395
2007,0.0,0.0,950.0685097122591,1562.448277003542,885.1934291127831,1175.181793909315
2008,0.0,0.0,831.6346287325837,1457.3038305372825,820.8909827034992,996.6507734278223
2009,0.0,0.0,725.6141805742718,1350.1402179883778,734.8803227812899,877.3774184006927
2010,0.0,0.0,633.6881512307453,1131.4234756437409,665.5461502822145,732.7812828601473
2011,0.0,0.0,576.6852489583134,908.4764093551439,620.9054128986767,638.2640401448112
