#{"white_adult"=>2.390941603138929, "white_juvenile"=>1.3233815044200943, "black_adult"=>0.8110875670414567, "black_juvenile"=>0.0, "male_juvenile"=>1.0784578053383662, "female_juvenile"=>0.0}
Year,White Adult,Black Adult,White Juvenile,Black Juvenile,Male Juvenile,Female Juvenile
2005,0.9609194076892772,0.0,0.0,0.0,0.0,0.0
2006,4.561253067442688,1.4010115303248947,9.372071227741332,0.0,7.47328301322771,0.0
2007,0.0,0.0,0.0,0.0,0.0,0.0
2008,1.6918326777481707,0.0,0.0,0.0,0.0,0.0
2009,0.8185047555126296,1.4455880652249335,0.0,0.0,0.0,0.0
2010,0.0,1.4067071798334458,0.0,0.0,0.0,0.0
2011,8.972794487115067,1.4324595330181924,0.0,0.0,0.0,0.0
