#{"white_adult"=>1.761746444418158, "white_juvenile"=>1.3233815044200943, "black_adult"=>2.636034592884734, "black_juvenile"=>0.0, "male_juvenile"=>0.0, "female_juvenile"=>1.1417089098963327}
Year,White Adult,Black Adult,White Juvenile,Black Juvenile,Male Juvenile,Female Juvenile
2005,0.9609194076892772,0.0,0.0,0.0,0.0,0.0
2006,0.9122506134885376,4.203034590974684,0.0,0.0,0.0,0.0
2007,1.7254468907447027,1.4096220803202661,0.0,0.0,0.0,0.0
2008,0.0,5.648361269186777,0.0,0.0,0.0,0.0
2009,4.911028533075777,2.891176130449867,0.0,0.0,0.0,0.0
2010,0.0,4.2201215395003375,10.1276078590237,0.0,0.0,8.563110121596162
2011,3.5891177948460267,0.0,0.0,0.0,0.0,0.0
