#{"white_adult"=>8.850286718771459, "white_juvenile"=>0.0, "black_adult"=>53.46475365817726, "black_juvenile"=>1.2183978068839476, "male_juvenile"=>0.0, "female_juvenile"=>0.6502669345766438}
Year,White Adult,Black Adult,White Juvenile,Black Juvenile,Male Juvenile,Female Juvenile
2005,8.362970527131237,39.45268367914208,0.0,0.0,0.0,0.0
2006,6.879146297944425,37.348272642390285,0.0,0.0,0.0,0.0
2007,10.76134353221731,43.92315075401409,0.0,0.0,0.0,0.0
2008,9.872431021753686,54.33440355643369,0.0,0.0,0.0,0.0
2009,8.079364876874731,56.57614483493078,0.0,0.0,0.0,0.0
2010,5.857814114821525,24.88181139586962,0.0,0.0,0.0,0.0
2011,12.126939787653104,113.23781513926679,0.0,9.424182452172275,0.0,5.0446451092165665
