#{"white_adult"=>16.601917155212668, "white_juvenile"=>0.0, "black_adult"=>31.84123106753668, "black_juvenile"=>0.0, "male_juvenile"=>0.0, "female_juvenile"=>0.0}
Year,White Adult,Black Adult,White Juvenile,Black Juvenile,Male Juvenile,Female Juvenile
2005,12.764533962463467,23.312949446765778,0.0,0.0,0.0,0.0
2006,19.347598962968696,40.74357015533486,0.0,0.0,0.0,0.0
2007,20.661779581857235,61.817767727871676,0.0,0.0,0.0,0.0
2008,21.89104270041035,32.92994154935375,0.0,0.0,0.0,0.0
2009,15.308270293025808,28.28807241746539,0.0,0.0,0.0,0.0
2010,10.46038234789558,11.611511984739156,0.0,0.0,0.0,0.0
2011,15.890472825200616,23.591211487347245,0.0,0.0,0.0,0.0
