#{"white_adult"=>0.0, "white_juvenile"=>7.098806513154976, "black_adult"=>0.0, "black_juvenile"=>10.965580261955528, "male_juvenile"=>6.506942908082924, "female_juvenile"=>9.754004018649654}
Year,White Adult,Black Adult,White Juvenile,Black Juvenile,Male Juvenile,Female Juvenile
2005,0.0,0.0,2.7753878604534985,0.0,0.0,4.146796599626788
2006,0.0,0.0,6.137040105557091,25.42157444284383,13.737521751076105,8.86839304717985
2007,0.0,0.0,23.31477865532014,8.147303242626691,12.608750472828143,26.322716504343248
2008,0.0,0.0,11.894142134998514,21.737555249619593,8.398421096833795,21.171190244315536
2009,0.0,0.0,0.0,9.164222873900293,0.0,4.879715024642561
2010,0.0,0.0,0.0,9.769441187964048,5.181884133070785,0.0
2011,0.0,0.0,3.4246575342465753,0.0,5.003001801080648,0.0
