#{"white_adult"=>0.7324375215535, "white_juvenile"=>0.443675407072186, "black_adult"=>2.6138324010664435, "black_juvenile"=>0.0, "male_juvenile"=>0.6506942908082924, "female_juvenile"=>0.0}
Year,White Adult,Black Adult,White Juvenile,Black Juvenile,Male Juvenile,Female Juvenile
2005,0.44015634353322297,0.0,0.0,0.0,0.0,0.0
2006,3.009626505350686,5.092946269416857,0.0,0.0,0.0,0.0
2007,0.0,4.880350083779343,0.0,0.0,0.0,0.0
2008,0.4292361313805951,0.0,0.0,0.0,0.0,0.0
2009,0.425229730361828,1.6640042598509053,0.0,0.0,0.0,0.0
2010,0.41841529391582316,1.658787426391308,0.0,0.0,0.0,0.0
2011,0.41817033750527943,4.718242297469449,3.4246575342465753,0.0,5.003001801080648,0.0
