#{"white_adult"=>33.99730829210829, "white_juvenile"=>0.0, "black_adult"=>19.722553571683168, "black_juvenile"=>0.0, "male_juvenile"=>0.0, "female_juvenile"=>0.0}
Year,White Adult,Black Adult,White Juvenile,Black Juvenile,Male Juvenile,Female Juvenile
2005,16.725941054262474,14.346430428778941,0.0,0.0,0.0,0.0
2006,30.09626505350686,10.185892538833714,0.0,0.0,0.0,0.0
2007,12.052704756083386,13.014266890078247,0.0,0.0,0.0,0.0
2008,26.612640145596895,16.464970774676875,0.0,0.0,0.0,0.0
2009,41.67251357545914,13.312034078807242,0.0,0.0,0.0,0.0
2010,55.23081879688866,26.54059882226093,0.0,0.0,0.0,0.0
2011,53.94397353818104,42.464180677225045,0.0,0.0,0.0,0.0
