#{"white_adult"=>0.39082972760340473, "white_juvenile"=>0.0, "black_adult"=>0.17794998063311043, "black_juvenile"=>0.0, "male_juvenile"=>0.0, "female_juvenile"=>0.0}
Year,White Adult,Black Adult,White Juvenile,Black Juvenile,Male Juvenile,Female Juvenile
2005,1.6018189124874505,0.4756333057466016,0.0,0.0,0.0,0.0
2007,0.0,0.8892406329614826,0.0,0.0,0.0,0.0
2009,1.0907861295635766,0.0,0.0,0.0,0.0,0.0
2011,0.0902095161116451,0.0,0.0,0.0,0.0,0.0
