#{"white_adult"=>0.0, "white_juvenile"=>17.545772658333252, "black_adult"=>0.0, "black_juvenile"=>51.66287911203238, "male_juvenile"=>30.05490640102903, "female_juvenile"=>14.576589820063042}
Year,White Adult,Black Adult,White Juvenile,Black Juvenile,Male Juvenile,Female Juvenile
2005,0.0,0.0,41.04827883221011,112.41155855319712,67.4878635270632,33.08230878425523
2006,0.0,0.0,40.42494150373931,57.375873445216286,56.41990083775004,31.471282454760033
2007,0.0,0.0,7.076815291582482,63.38989662570704,21.545146058135984,6.3882252232684715
2008,0.0,0.0,10.858610708626149,38.58374943259192,17.13978380231328,12.384996461429582
2009,0.0,0.0,12.953912081448598,31.94159251654118,22.883295194508012,8.174661065975803
2010,0.0,0.0,4.479283314669653,38.932387420513045,12.61402794580555,6.17093489663684
2011,0.0,0.0,4.358770390872735,19.48178453146308,10.106414600796624,2.6093650110245674
