#{"white_adult"=>0.0, "white_juvenile"=>5.055561613418055, "black_adult"=>0.0, "black_juvenile"=>6.655953750629938, "male_juvenile"=>4.162729418425073, "female_juvenile"=>6.537379676876758}
Year,White Adult,Black Adult,White Juvenile,Black Juvenile,Male Juvenile,Female Juvenile
2005,0.0,0.0,13.794913378037824,19.837333862328904,7.939748650242729,21.65387484060342
2006,0.0,0.0,10.96269600101405,8.196553349316613,10.828061776941928,10.288688494825395
2007,0.0,0.0,5.661452233265986,4.876145894285157,5.386286514533996,5.749402700941625
2008,0.0,0.0,3.732647431090238,9.078529278256921,4.137189193661826,4.718093890068412
2009,0.0,0.0,0.7002114638620863,2.2815423226100844,0.0,1.886460245994416
2010,0.0,0.0,0.0,0.0,0.0,0.617093489663684
2011,0.0,0.0,0.0,2.1646427257181204,0.5944949765174484,0.0
