#{"white_adult"=>0.0, "white_juvenile"=>741.0858372396834, "black_adult"=>0.0, "black_juvenile"=>4216.1334957862655, "male_juvenile"=>1499.913329952622, "female_juvenile"=>685.5540290631989}
Year,White Adult,Black Adult,White Juvenile,Black Juvenile,Male Juvenile,Female Juvenile
2005,0.0,0.0,825.3567506113932,3591.121164993638,1515.290286470259,737.1332199465462
2006,0.0,0.0,817.9380940775043,5358.470920719917,1702.6841018582245,837.864369573171
2007,0.0,0.0,928.7385986566853,4971.253485730024,1846.720793896712,875.2669751297003
2008,0.0,0.0,857.5463477659926,5685.1560171980755,1808.364942672967,765.5151512883926
2009,0.0,0.0,680.101906072466,4071.590142465971,1382.237020457247,609.8912035211453
2010,0.0,0.0,560.170597409211,2955.5857531111433,1147.7439745195227,481.4458729816378
2011,0.0,0.0,516.4703034535851,3068.669930410969,1095.8358934256828,491.3923274865892
