#{"white_adult"=>0.0, "white_juvenile"=>529.1089001496241, "black_adult"=>0.0, "black_juvenile"=>1816.9311858975213, "male_juvenile"=>628.593764822689, "female_juvenile"=>768.6052652064236}
Year,White Adult,Black Adult,White Juvenile,Black Juvenile,Male Juvenile,Female Juvenile
2005,0.0,0.0,634.4592234002922,1910.434044959706,697.433809935718,919.7192962396558
2006,0.0,0.0,613.4048257372654,2000.5949724825225,682.381280110117,910.6748919615011
2007,0.0,0.0,649.2153310998189,1891.76162770682,784.3042534617389,883.1219351629156
2008,0.0,0.0,571.0966216960628,2332.8083095653656,711.2997712654969,817.1481380321846
2009,0.0,0.0,440.2294673759584,1809.5956188737646,565.823955067739,683.4987625668008
2010,0.0,0.0,391.88070912505174,1260.5492776426834,469.69107025722514,558.2140076256347
2011,0.0,0.0,400.200000793654,1586.8549884643521,486.30117857342344,602.8878067510144
