#{"white_adult"=>0.0, "white_juvenile"=>1532.8095333652348, "black_adult"=>0.0, "black_juvenile"=>2011.7575202320963, "male_juvenile"=>2074.111095244895, "female_juvenile"=>1217.0961485175949}
Year,White Adult,Black Adult,White Juvenile,Black Juvenile,Male Juvenile,Female Juvenile
2005,0.0,0.0,1055.007130297534,1220.20202020202,1403.6934684388298,802.3995077932732
2006,0.0,0.0,912.7945232328606,1058.5566663866252,1304.6903967371154,632.1553011448482
2007,0.0,0.0,1118.195329971802,1365.2482269503546,1539.4132622712889,846.224722370399
2008,0.0,0.0,1390.0030081219293,2127.847430690447,2000.0894894626156,1131.1729725071102
2009,0.0,0.0,1906.083679238076,2880.6941431670284,2546.547549469817,1620.2111256078756
2010,0.0,0.0,2126.4479568876914,3873.842989372643,3066.9259359539224,1707.2927570908728
2011,0.0,0.0,2196.495013624355,2082.60413020651,2676.5479104342307,1780.2580742910534
