#{"white_adult"=>0.0, "white_juvenile"=>939.1424453036856, "black_adult"=>0.0, "black_juvenile"=>816.8795464411149, "male_juvenile"=>1228.9464904216582, "female_juvenile"=>621.2875853163623}
Year,White Adult,Black Adult,White Juvenile,Black Juvenile,Male Juvenile,Female Juvenile
2005,0.0,0.0,2329.621732606807,1850.202829721975,2928.121011220971,1547.8738353114124
2006,0.0,0.0,1916.5440826304593,1983.4710743801654,2729.670156655908,1165.5486787977616
2007,0.0,0.0,1213.3113953611803,807.4186585658326,1583.9691079160966,749.5268611688872
2008,0.0,0.0,839.0269376387135,542.8054471002762,1005.7785413087615,614.3467066453736
2009,0.0,0.0,846.5417867435158,660.9749380335995,1076.2837004673536,599.8693353922907
