#{"white_adult"=>0.8800212546085875, "white_juvenile"=>0.0, "black_adult"=>0.9152501264189238, "black_juvenile"=>0.0, "male_juvenile"=>0.0, "female_juvenile"=>0.0}
Year,White Adult,Black Adult,White Juvenile,Black Juvenile,Male Juvenile,Female Juvenile
2005,2.1306515532449826,3.7580563332644354,0.0,0.0,0.0,0.0
2006,1.4492473575389846,1.614100784452981,0.0,0.0,0.0,0.0
2007,0.9906073909217437,0.0,0.0,0.0,0.0,0.0
2008,0.9578635810687842,1.6172593922339202,0.0,0.0,0.0,0.0
2009,0.13551806523568624,0.0,0.0,0.0,0.0,0.0
2011,0.912995446761279,0.0,0.0,0.0,0.0,0.0
