#{"white_adult"=>0.0, "white_juvenile"=>28.239854062858434, "black_adult"=>0.0, "black_juvenile"=>52.6170400284132, "male_juvenile"=>21.362546415532734, "female_juvenile"=>39.84504703929164}
Year,White Adult,Black Adult,White Juvenile,Black Juvenile,Male Juvenile,Female Juvenile
2005,0.0,0.0,29.331799054613555,69.25892945483328,13.335619439522965,56.20770910348704
2006,0.0,0.0,25.398706782512992,38.891589693728726,27.55254664252539,25.94225994144461
2007,0.0,0.0,40.33756170054668,31.976976576864658,35.61587343243294,43.09779451721101
2008,0.0,0.0,32.20331607119544,57.1374154842396,24.98828674059035,43.998305250464426
2009,0.0,0.0,16.37411579774692,73.44165978151106,13.70092405121101,28.211676664488923
2010,0.0,0.0,37.8065480941299,45.01969611705121,25.39843799606324,50.83492513401935
2011,0.0,0.0,18.458942038921997,54.512888404329885,11.895557009456969,33.69556060988965
