#{"white_adult"=>0.09475527200566826, "white_juvenile"=>0.0, "black_adult"=>5.78757930361641, "black_juvenile"=>0.0, "male_juvenile"=>0.0, "female_juvenile"=>0.0}
Year,White Adult,Black Adult,White Juvenile,Black Juvenile,Male Juvenile,Female Juvenile
2005,0.3473693717477543,6.095826390864389,0.0,0.0,0.0,0.0
2006,0.08414469858948243,6.040471156750227,0.0,0.0,0.0,0.0
2007,0.08363126973175271,0.0,0.0,0.0,0.0,0.0
2008,0.0,10.225157978690772,0.0,0.0,0.0,0.0
2009,0.08274939841187355,5.442374326506177,0.0,0.0,0.0,0.0
2010,0.0,12.942111782868341,0.0,0.0,0.0,0.0
2011,0.08005411658280998,0.0,0.0,0.0,0.0,0.0
