#{"white_adult"=>0.0, "white_juvenile"=>221.27247857540726, "black_adult"=>0.0, "black_juvenile"=>287.28367539242953, "male_juvenile"=>241.9052099185809, "female_juvenile"=>224.50024468911562}
Year,White Adult,Black Adult,White Juvenile,Black Juvenile,Male Juvenile,Female Juvenile
2005,0.0,0.0,171.6270839374804,234.51398997250527,177.17583886781378,207.0787346929638
2006,0.0,0.0,224.6017871017871,281.37789904502046,240.1974225390732,228.63440771963562
2007,0.0,0.0,234.35435082670114,213.81578947368422,214.61042393487685,264.1616851693709
2008,0.0,0.0,232.93858245314556,279.92080289479077,259.51557093425606,224.46936103255908
2009,0.0,0.0,267.0815669625141,252.7379949452401,274.79947858560473,267.9302679302679
2010,0.0,0.0,219.6595277320154,466.82227409136385,290.4564315352697,190.62570082978246
2011,0.0,0.0,201.73162697140194,285.59771521827827,238.66090712742982,191.94910606559176
