#{"white_adult"=>4.320268090149594, "white_juvenile"=>0.0, "black_adult"=>7.483216215060507, "black_juvenile"=>6.404303692081078, "male_juvenile"=>2.764531066417859, "female_juvenile"=>0.0}
Year,White Adult,Black Adult,White Juvenile,Black Juvenile,Male Juvenile,Female Juvenile
2005,4.1631849554390525,8.322698773789046,0.0,37.50937734433609,17.265193370165743,0.0
2006,4.897935664174482,2.523850386149109,0.0,0.0,0.0,0.0
2007,2.4389516843671326,31.908104658583284,0.0,0.0,0.0,0.0
2008,1.0302878881931583,4.855901133852915,0.0,0.0,0.0,0.0
2009,13.729453491476297,4.941199723292816,0.0,0.0,0.0,0.0
2010,3.234300838492492,0.0,0.0,0.0,0.0,0.0
2011,0.27447718957316053,0.0,0.0,0.0,0.0,0.0
