#{"white_adult"=>0.6227413463278695, "white_juvenile"=>0.0, "black_adult"=>2.1380617757315736, "black_juvenile"=>0.0, "male_juvenile"=>0.0, "female_juvenile"=>0.0}
Year,White Adult,Black Adult,White Juvenile,Black Juvenile,Male Juvenile,Female Juvenile
2005,0.8921110618797968,0.0,0.0,0.0,0.0,0.0
2006,0.8643415877954967,2.523850386149109,0.0,0.0,0.0,0.0
2007,0.5419892631926961,2.454469589121791,0.0,0.0,0.0,0.0
2008,0.2575719720482896,0.0,0.0,0.0,0.0,0.0
2009,0.5084982774620851,4.941199723292816,0.0,0.0,0.0,0.0
2010,1.0781002794974974,2.4222459064044184,0.0,0.0,0.0,0.0
2011,0.27447718957316053,2.423008892442635,0.0,0.0,0.0,0.0
