#{"white_adult"=>0.0, "white_juvenile"=>5.417705060136526, "black_adult"=>0.0, "black_juvenile"=>16.010759230202698, "male_juvenile"=>6.911327666044646, "female_juvenile"=>8.616727941176471}
Year,White Adult,Black Adult,White Juvenile,Black Juvenile,Male Juvenile,Female Juvenile
2005,0.0,0.0,11.472494693971203,18.754688672168044,8.632596685082872,17.887487702352203
2006,0.0,0.0,0.0,18.68460388639761,0.0,10.18122581958868
2007,0.0,0.0,6.520179956966812,40.84967320261438,9.122422915526363,21.5726458850178
2009,0.0,0.0,0.0,21.616947686986595,0.0,8.341675008341676
2010,0.0,0.0,6.90894016857814,0.0,11.122233344455568,0.0
2011,0.0,0.0,14.349261013057827,0.0,21.05706464518846,0.0
