#{"white_adult"=>0.0, "white_juvenile"=>109.78601138010426, "black_adult"=>0.0, "black_juvenile"=>166.72841793256762, "male_juvenile"=>161.07010282886034, "female_juvenile"=>62.31138587852945}
Year,White Adult,Black Adult,White Juvenile,Black Juvenile,Male Juvenile,Female Juvenile
2005,0.0,0.0,146.18299945858146,438.59649122807014,244.36600597339125,86.5332612222823
2006,0.0,0.0,82.38504711394881,233.523611831863,144.1383728379244,64.89292667099286
2007,0.0,0.0,97.26049602852974,78.64726700747148,124.14649286157666,62.893081761006286
2008,0.0,0.0,234.8238820884337,111.35857461024499,292.05074381673813,156.6242859775198
2009,0.0,0.0,104.20841683366733,0.0,130.59566132191833,58.96226415094339
2010,0.0,0.0,67.04263122609142,48.285852245292126,119.37131109490018,0.0
2011,0.0,0.0,67.89378394689197,293.2551319648094,125.84156546907442,24.342745861733203
