#{"white_adult"=>1.207228886572798, "white_juvenile"=>0.0, "black_adult"=>4.536381781890764, "black_juvenile"=>0.0, "male_juvenile"=>0.0, "female_juvenile"=>0.0}
Year,White Adult,Black Adult,White Juvenile,Black Juvenile,Male Juvenile,Female Juvenile
2006,1.5111789462549208,0.0,0.0,0.0,0.0,0.0
2007,4.268336060325816,21.486892995272886,0.0,0.0,0.0,0.0
2008,1.3746176844565106,7.106815436003127,0.0,0.0,0.0,0.0
2009,0.0,6.043026347594876,0.0,0.0,0.0,0.0
2010,1.2804343233224709,0.0,0.0,0.0,0.0,0.0
