#{"white_adult"=>0.0, "white_juvenile"=>371.67996761259144, "black_adult"=>0.0, "black_juvenile"=>993.6302196810947, "male_juvenile"=>724.6102856854814, "female_juvenile"=>339.4209231699441}
Year,White Adult,Black Adult,White Juvenile,Black Juvenile,Male Juvenile,Female Juvenile
2005,0.0,0.0,500.7393466863826,1133.6202372205312,910.98128527577,455.85538380927426
2006,0.0,0.0,408.8400949195186,1038.5756676557862,855.3934810012606,288.5245901639344
2007,0.0,0.0,281.3577781811581,794.665692363902,598.604631961359,232.5698973658931
2008,0.0,0.0,475.37383036976865,1018.8940548026512,815.9484849821373,411.16432061142547
2009,0.0,0.0,292.3624088251251,845.7553652605984,620.6078306105686,226.8011388312503
2010,0.0,0.0,292.3784494086728,777.2020725388601,603.5934868051656,294.76086336407724
2011,0.0,0.0,356.88603616800276,1408.4507042253522,693.114804319522,472.5588359144715
