#{"white_adult"=>0.2946064916540436, "white_juvenile"=>0.0, "black_adult"=>0.7635569537131774, "black_juvenile"=>0.0, "male_juvenile"=>0.0, "female_juvenile"=>0.0}
Year,White Adult,Black Adult,White Juvenile,Black Juvenile,Male Juvenile,Female Juvenile
2006,0.0,1.8569067647113437,0.0,0.0,0.0,0.0
2007,0.34983627662254063,0.0,0.0,0.0,0.0,0.0
2008,0.3504161191414805,0.0,0.0,0.0,0.0,0.0
2009,0.33964853169939746,3.432239021125431,0.0,0.0,0.0,0.0
2011,0.9677793979121773,0.0,0.0,0.0,0.0,0.0
