#{"white_adult"=>1.0031236154804264, "white_juvenile"=>0.0, "black_adult"=>2.442632486096078, "black_juvenile"=>0.0, "male_juvenile"=>0.0, "female_juvenile"=>0.0}
Year,White Adult,Black Adult,White Juvenile,Black Juvenile,Male Juvenile,Female Juvenile
2006,0.3541741190804223,5.068475098581841,0.0,0.0,0.0,0.0
2007,0.0,5.067088248408934,0.0,0.0,0.0,0.0
2008,2.705618555132051,4.624534078191623,0.0,0.0,0.0,0.0
2009,1.8444399358134902,0.879600309619309,0.0,0.0,0.0,0.0
2011,1.018316112476409,0.0,0.0,0.0,0.0,0.0
