#{"white_adult"=>1.3374981539739021, "white_juvenile"=>0.0, "black_adult"=>3.9692777899061267, "black_juvenile"=>0.0, "male_juvenile"=>0.0, "female_juvenile"=>0.0}
Year,White Adult,Black Adult,White Juvenile,Black Juvenile,Male Juvenile,Female Juvenile
2006,0.3541741190804223,5.068475098581841,0.0,0.0,0.0,0.0
2007,0.0,5.067088248408934,0.0,0.0,0.0,0.0
2008,4.058427832698077,13.873602234574866,0.0,0.0,0.0,0.0
2009,1.8444399358134902,0.879600309619309,0.0,0.0,0.0,0.0
2010,0.6632311294162903,0.0,0.0,0.0,0.0,0.0
2011,1.018316112476409,0.0,0.0,0.0,0.0,0.0
