#{"white_adult"=>10.031236154804265, "white_juvenile"=>4.196259035070234, "black_adult"=>6.869903867145219, "black_juvenile"=>0.0, "male_juvenile"=>3.7275531409294653, "female_juvenile"=>0.0}
Year,White Adult,Black Adult,White Juvenile,Black Juvenile,Male Juvenile,Female Juvenile
2006,11.687745929653936,9.123255177447312,5.943536404160475,0.0,5.210775884529206,0.0
2007,8.816338710169648,12.161011796181443,10.281190561867065,0.0,10.279605263157894,0.0
2008,9.131462623570672,10.173974972021568,0.0,0.0,0.0,0.0
2009,17.214772734259242,6.157202167335163,0.0,0.0,0.0,0.0
2010,7.958773552995484,3.476477285566535,7.47887218607434,0.0,6.262917266862904,0.0
2011,4.752141858223242,1.6550810989738498,0.0,0.0,0.0,0.0
