#{"white_adult"=>5.541056711570596, "white_juvenile"=>1.4199250989510304, "black_adult"=>154.77762097691993, "black_juvenile"=>0.0, "male_juvenile"=>3.418967061671328, "female_juvenile"=>0.0}
Year,White Adult,Black Adult,White Juvenile,Black Juvenile,Male Juvenile,Female Juvenile
2007,7.4043770975212,241.6626389560174,0.0,0.0,0.0,0.0
2009,4.01900624590107,262.42414302115793,4.380521282032562,0.0,8.2403999340768,0.0
2010,2.9327018248737104,72.54788160185723,1.3613591810063168,0.0,2.6578073089700998,0.0
2011,7.810981513404916,61.98347107438017,0.0,0.0,2.7975158059643035,0.0
