#{"white_adult"=>0.0, "white_juvenile"=>514.3678670950108, "black_adult"=>0.0, "black_juvenile"=>3495.594395493283, "male_juvenile"=>754.9079272170292, "female_juvenile"=>1116.6906626400253}
Year,White Adult,Black Adult,White Juvenile,Black Juvenile,Male Juvenile,Female Juvenile
2007,0.0,0.0,380.26632992767765,1520.1586252478521,507.32188888279495,849.2874622139053
2009,0.0,0.0,554.8660290574579,2598.016060462919,760.8635939130912,1201.8949584746754
2010,0.0,0.0,526.8460030494446,3819.2576654115114,845.1827242524918,1178.0313080392677
2011,0.0,0.0,595.0682116559163,6485.355648535565,906.3951211324344,1230.287439883682
