#{"white_adult"=>1.3738157136125446, "white_juvenile"=>3.9047940221153334, "black_adult"=>0.0, "black_juvenile"=>0.0, "male_juvenile"=>6.837934123342656, "female_juvenile"=>3.51160585735857}
Year,White Adult,Black Adult,White Juvenile,Black Juvenile,Male Juvenile,Female Juvenile
2007,1.2957659920662101,0.0,2.869934565491907,0.0,5.48456096089508,0.0
2009,0.9134105104320615,0.0,2.9203475213550414,0.0,0.0,5.8486372675166685
2010,1.2830570483822483,0.0,6.806795905031583,0.0,10.631229235880399,2.6532236667551077
2011,1.9981580615686994,0.0,2.854044180603916,0.0,11.190063223857214,5.5922156358349175
