#{"white_adult"=>1.511197284973799, "white_juvenile"=>0.3549812747377576, "black_adult"=>45.522829699094096, "black_juvenile"=>0.0, "male_juvenile"=>0.0, "female_juvenile"=>0.702321171471714}
Year,White Adult,Black Adult,White Juvenile,Black Juvenile,Male Juvenile,Female Juvenile
2007,1.8510942743803,96.66505558240696,0.0,0.0,0.0,0.0
2009,2.1921852250369476,32.80301787764474,0.0,0.0,0.0,0.0
2010,1.0997631843276414,43.52872896111433,1.3613591810063168,0.0,0.0,2.6532236667551077
2011,0.9082536643494088,20.661157024793386,0.0,0.0,0.0,0.0
