#{"white_adult"=>12.63910456523541, "white_juvenile"=>0.0, "black_adult"=>414.25775026175626, "black_juvenile"=>0.0, "male_juvenile"=>0.0, "female_juvenile"=>0.0}
Year,White Adult,Black Adult,White Juvenile,Black Juvenile,Male Juvenile,Female Juvenile
2007,2.5915319841324203,72.49879168680522,0.0,0.0,0.0,0.0
2009,9.864833512666264,524.8482860423159,0.0,0.0,0.0,0.0
2010,14.663509124368554,304.70110272780033,0.0,0.0,0.0,0.0
2011,23.251293807344865,723.1404958677687,0.0,0.0,0.0,0.0
