#{"white_adult"=>0.0, "white_juvenile"=>570.2846514063476, "black_adult"=>0.0, "black_juvenile"=>2330.892196235924, "male_juvenile"=>817.7219779643817, "female_juvenile"=>454.3445561410178}
Year,White Adult,Black Adult,White Juvenile,Black Juvenile,Male Juvenile,Female Juvenile
2005,0.0,0.0,623.4264097470868,6079.664570230608,1010.4659779167254,531.1836020497437
2006,0.0,0.0,708.298135031516,3723.0340988169796,1050.7414272474514,551.6773378740944
2007,0.0,0.0,774.5588690537612,3224.671669793621,1078.9197534586947,654.3389213877219
2008,0.0,0.0,583.6302568228548,1243.5717625058437,788.5183007763965,451.1874347131153
2009,0.0,0.0,549.7959876523806,1505.3334662546106,767.3325287749698,423.2725652545205
2010,0.0,0.0,490.1551944260886,1275.8813654168998,676.5539882827379,371.5963832144053
2011,0.0,0.0,253.37535656320236,535.2083114702486,342.7042147774542,191.01441829522926
