#{"white_adult"=>0.0, "white_juvenile"=>556.7843691277182, "black_adult"=>0.0, "black_juvenile"=>2148.2006457201355, "male_juvenile"=>554.5421504446905, "female_juvenile"=>696.8859755221416}
Year,White Adult,Black Adult,White Juvenile,Black Juvenile,Male Juvenile,Female Juvenile
2005,0.0,0.0,671.5039410923721,3829.489867225716,651.5974548505429,892.3884514435696
2006,0.0,0.0,582.0484019197386,2493.620969612619,547.9610750695088,769.709269812945
2007,0.0,0.0,606.55505107832,2696.998123827392,607.3069825225855,785.8610445866542
2008,0.0,0.0,568.9437186314701,1692.3796166432915,558.2054996272569,711.7057024554161
2009,0.0,0.0,480.01056211845923,1774.4990529358986,515.7579360075893,560.0316835604401
2010,0.0,0.0,496.57083833218917,1544.487968662563,490.93998077353274,590.5613230634483
2011,0.0,0.0,490.1625960728446,1553.1535313254276,511.6343842525597,563.8218691748835
