#{"white_adult"=>0.31449205798042973, "white_juvenile"=>0.0, "black_adult"=>0.0, "black_juvenile"=>0.0, "male_juvenile"=>0.0, "female_juvenile"=>0.0}
Year,White Adult,Black Adult,White Juvenile,Black Juvenile,Male Juvenile,Female Juvenile
2005,0.166781815611862,0.0,0.0,0.0,0.0,0.0
2006,0.2398594423667731,0.0,0.0,0.0,0.0,0.0
2007,0.868690003628755,0.0,0.0,0.0,0.0,0.0
2008,0.3095549953470015,0.0,0.0,0.0,0.0,0.0
2009,0.3097237380403082,0.0,0.0,0.0,0.0,0.0
2010,0.30863340215858204,0.0,0.0,0.0,0.0,0.0
