#{"white_adult"=>0.10665467583697791, "white_juvenile"=>0.0, "black_adult"=>0.0, "black_juvenile"=>0.13836377912989936, "male_juvenile"=>0.101128441716898, "female_juvenile"=>0.0}
Year,White Adult,Black Adult,White Juvenile,Black Juvenile,Male Juvenile,Female Juvenile
2006,0.03714383243377162,0.0,0.0,0.0,0.0,0.0
2007,0.18780118615229174,0.0,0.0,0.9904029949786568,0.7119160508592827,0.0
2008,0.11119302330494577,0.0,0.0,0.0,0.0,0.0
2009,0.25901396344276917,0.0,0.0,0.0,0.0,0.0
2010,0.07407561045710577,0.0,0.0,0.0,0.0,0.0
2011,0.07355715795737658,0.0,0.0,0.0,0.0,0.0
