#{"white_adult"=>0.0, "white_juvenile"=>14.165157500903852, "black_adult"=>0.0, "black_juvenile"=>117.67839414997943, "male_juvenile"=>91.77406085808495, "female_juvenile"=>12.339975826303764}
Year,White Adult,Black Adult,White Juvenile,Black Juvenile,Male Juvenile,Female Juvenile
2005,0.0,0.0,21.183218545636258,187.92091137146298,148.54515077829058,16.644416318463165
2006,0.0,0.0,14.094869749308646,111.21309692051419,91.95598943575376,8.211910125999266
2007,0.0,0.0,15.25131578568736,109.9347324426309,90.41333845912891,8.19314978195049
2008,0.0,0.0,10.270103728047653,98.83571527407145,77.89177624970482,5.572872741593321
2009,0.0,0.0,11.630611770179112,92.05628868852132,67.1347252599704,13.310213000380818
2010,0.0,0.0,14.361318552379089,131.87740676267342,95.39999856541355,21.792511937237563
2011,0.0,0.0,11.900765921088768,84.58947057811001,65.95839031715924,12.942815595331451
