#{"white_adult"=>0.031996402751093375, "white_juvenile"=>0.0, "black_adult"=>0.04725182778929606, "black_juvenile"=>0.0, "male_juvenile"=>0.0, "female_juvenile"=>0.0}
Year,White Adult,Black Adult,White Juvenile,Black Juvenile,Male Juvenile,Female Juvenile
2005,0.03878983473590911,0.0,0.0,0.0,0.0,0.0
2006,0.03714383243377162,0.17010361010891734,0.0,0.0,0.0,0.0
2007,0.0751204744609167,0.0,0.0,0.0,0.0,0.0
2008,0.037064341101648586,0.0,0.0,0.0,0.0,0.0
2009,0.03700199477753846,0.08147130662052132,0.0,0.0,0.0,0.0
2011,0.0,0.07752635120677519,0.0,0.0,0.0,0.0
