#{"white_adult"=>0.0, "white_juvenile"=>47.070589450553584, "black_adult"=>0.0, "black_juvenile"=>437.3942963783752, "male_juvenile"=>79.71499649567502, "female_juvenile"=>28.641222530463843}
Year,White Adult,Black Adult,White Juvenile,Black Juvenile,Male Juvenile,Female Juvenile
2005,0.0,0.0,66.65236577592547,428.68277474668747,111.23144922869771,33.96739130434783
2006,0.0,0.0,50.89536695559575,305.91434398368455,92.93123088914203,18.767888143386667
2007,0.0,0.0,39.98700422362732,320.7698476343224,57.44606872363906,33.697502837684446
2008,0.0,0.0,47.45017731382049,424.2424242424243,65.40833489067464,38.21833090125773
2009,0.0,0.0,62.1420533749853,732.6007326007326,104.78105828868871,45.09219743940736
2010,0.0,0.0,37.940960566145115,441.27630685675496,72.59528130671505,21.373844990299563
2011,0.0,0.0,21.204597863636764,465.1162790697674,51.14915092409466,8.787964004499438
