#{"white_adult"=>0.18483421082190085, "white_juvenile"=>0.23476603217233702, "black_adult"=>0.0, "black_juvenile"=>0.0, "male_juvenile"=>0.44783705896446635, "female_juvenile"=>0.0}
Year,White Adult,Black Adult,White Juvenile,Black Juvenile,Male Juvenile,Female Juvenile
2006,0.5969383034416478,0.0,0.7830056454707038,0.0,1.4988908207926135,0.0
2007,0.20074033033828761,0.0,0.0,0.0,0.0,0.0
2008,0.19834127194274284,0.0,0.8324592511196577,0.0,1.5573413069208248,0.0
2009,0.09962600398105512,0.0,0.0,0.0,0.0,0.0
2010,0.098537603427532,0.0,0.0,0.0,0.0,0.0
2011,0.0982434078673321,0.0,0.0,0.0,0.0,0.0
