#{"white_adult"=>0.0, "white_juvenile"=>88.27202809679873, "black_adult"=>0.0, "black_juvenile"=>145.79809879279173, "male_juvenile"=>83.07377443790851, "female_juvenile"=>97.52217919463723}
Year,White Adult,Black Adult,White Juvenile,Black Juvenile,Male Juvenile,Female Juvenile
2005,0.0,0.0,78.14415297867124,38.97116134060795,70.25144161812487,84.91847826086956
2006,0.0,0.0,105.70576213854501,203.94289598912306,76.44343186042329,140.7591610754
2007,0.0,0.0,80.80707103524688,200.4811547714515,74.07519388048195,97.54540295119182
2008,0.0,0.0,81.58100660972646,181.8181818181818,70.08035881143712,99.02022097144048
2009,0.0,0.0,83.13599032599386,91.57509157509158,77.74078518193033,91.7948305016507
2010,0.0,0.0,72.58270717001675,135.77732518669382,78.90791446382073,70.69810266022162
2011,0.0,0.0,117.50881316098707,169.13319238900633,139.8076791925254,96.6676040494938
