#{"white_adult"=>0.32701437299259384, "white_juvenile"=>0.0, "black_adult"=>25.1680868658541, "black_juvenile"=>0.0, "male_juvenile"=>0.0, "female_juvenile"=>0.0}
Year,White Adult,Black Adult,White Juvenile,Black Juvenile,Male Juvenile,Female Juvenile
2005,0.10131188763295919,0.0,0.0,0.0,0.0,0.0
2008,0.19834127194274284,0.0,0.0,0.0,0.0,0.0
2009,0.7970080318484409,11.163206072784105,0.0,0.0,0.0,0.0
2010,0.394150413710128,67.01664246621245,0.0,0.0,0.0,0.0
2011,0.7859472629386568,70.04903432402682,0.0,0.0,0.0,0.0
