#{"white_adult"=>10.426040957878794, "white_juvenile"=>0.0, "black_adult"=>17.039699343971577, "black_juvenile"=>0.0, "male_juvenile"=>0.0, "female_juvenile"=>0.0}
Year,White Adult,Black Adult,White Juvenile,Black Juvenile,Male Juvenile,Female Juvenile
2005,14.642896364900977,17.045575607781306,0.0,0.0,0.0,0.0
2006,15.310375331015985,45.28122020972354,0.0,0.0,0.0,0.0
2007,16.013163925102567,24.96312265970725,0.0,0.0,0.0,0.0
2008,12.028533774030919,14.803849000740191,0.0,0.0,0.0,0.0
2009,4.796929964822514,9.070294784580499,0.0,0.0,0.0,0.0
2010,7.255840951966333,0.0,0.0,0.0,0.0,0.0
2011,3.835238168290251,10.55097174449767,0.0,0.0,0.0,0.0
