#{"white_adult"=>2.4301298473251327, "white_juvenile"=>1.517254982286048, "black_adult"=>2.2088499149592784, "black_juvenile"=>0.0, "male_juvenile"=>2.005816868919868, "female_juvenile"=>0.0}
Year,White Adult,Black Adult,White Juvenile,Black Juvenile,Male Juvenile,Female Juvenile
2005,1.2202413637417482,6.392090852917989,0.0,0.0,0.0,0.0
2006,5.103458443671995,2.3832221163012393,11.823126034523527,0.0,16.59751037344398,0.0
2007,3.8652464646799305,0.0,0.0,0.0,0.0,0.0
2008,2.0919189172227686,2.114835571534313,0.0,0.0,0.0,0.0
2009,1.065984436627225,0.0,0.0,0.0,0.0,0.0
2010,2.0730974148475236,4.427227448810182,0.0,0.0,0.0,0.0
2011,1.6436735006958216,0.0,0.0,0.0,0.0,0.0
