#{"white_adult"=>0.0, "white_juvenile"=>13.65770379854887, "black_adult"=>0.0, "black_juvenile"=>131.5796569222224, "male_juvenile"=>146.93727615024335, "female_juvenile"=>61.97931339799573}
Year,White Adult,Black Adult,White Juvenile,Black Juvenile,Male Juvenile,Female Juvenile
2005,0.0,0.0,70.67137809187278,494.3250186997952,636.8245332014344,266.8643439584878
2006,0.0,0.0,12.28803145736053,46.46674053686957,43.19421197559527,34.10253495509833
2007,0.0,0.0,0.0,24.49779519843214,17.757783828578194,21.508845512717105
2008,0.0,0.0,0.0,72.80530329156609,79.13800450477872,33.40199298558147
2009,0.0,0.0,0.0,38.58272779885538,49.99091074350118,5.006257822277847
2010,0.0,0.0,0.0,48.32785617630002,51.00414408670704,13.64163426778528
2011,0.0,0.0,33.200531208499335,153.1015408929277,213.1590166264033,26.298487836949374
