#{"white_adult"=>0.0, "white_juvenile"=>1.7072129748186087, "black_adult"=>0.0, "black_juvenile"=>13.48152222563754, "male_juvenile"=>8.348708872172919, "female_juvenile"=>12.878818368414699}
Year,White Adult,Black Adult,White Juvenile,Black Juvenile,Male Juvenile,Female Juvenile
2005,0.0,0.0,17.667844522968196,26.01710624735764,6.182762458266353,39.53545836422041
2006,0.0,0.0,0.0,3.5743646566822744,5.399276496949409,0.0
2008,0.0,0.0,0.0,22.991148407862973,18.262616424179704,16.700996492790736
2009,0.0,0.0,0.0,12.860909266285125,0.0,20.02503128911139
2010,0.0,0.0,0.0,4.832785617630002,0.0,6.82081713389264
2011,0.0,0.0,0.0,24.693796918214147,35.526502771067214,0.0
