#{"white_adult"=>3.883891076274766, "white_juvenile"=>1.7072129748186087, "black_adult"=>2.9458026575791236, "black_juvenile"=>0.0, "male_juvenile"=>0.8348708872172917, "female_juvenile"=>0.0}
Year,White Adult,Black Adult,White Juvenile,Black Juvenile,Male Juvenile,Female Juvenile
2005,4.004485023226013,0.6110079186626258,0.0,0.0,0.0,0.0
2006,5.008120309358746,1.094331363536879,0.0,0.0,0.0,0.0
2007,4.26205985352721,3.771795590232127,0.0,0.0,0.0,0.0
2008,2.652291248101954,1.5694480774261053,0.0,0.0,0.0,0.0
2009,3.703311818855148,6.237165831846009,0.0,0.0,0.0,0.0
2010,4.259215878356795,4.617737885653265,10.358400662937642,0.0,6.37551801083838,0.0
2011,3.477510936771896,2.160573848414139,0.0,0.0,0.0,0.0
