#{"white_adult"=>0.07048336434014003, "white_juvenile"=>0.0, "black_adult"=>0.8899434719030941, "black_juvenile"=>0.0, "male_juvenile"=>0.0, "female_juvenile"=>0.0}
Year,White Adult,Black Adult,White Juvenile,Black Juvenile,Male Juvenile,Female Juvenile
2006,0.023822717057113058,1.8032443973196575,0.0,0.0,0.0,0.0
2007,0.0,1.8071418244903859,0.0,0.0,0.0,0.0
2008,0.18746395712511837,1.704774049247513,0.0,0.0,0.0,0.0
2009,0.13794524125703062,0.3333488896148487,0.0,0.0,0.0,0.0
2011,0.07045129455427931,0.0,0.0,0.0,0.0,0.0
