#{"white_adult"=>0.0, "white_juvenile"=>43.771212663874465, "black_adult"=>0.0, "black_juvenile"=>83.67634482037273, "male_juvenile"=>39.905999201880014, "female_juvenile"=>59.10525755907836}
Year,White Adult,Black Adult,White Juvenile,Black Juvenile,Male Juvenile,Female Juvenile
2006,0.0,0.0,50.967270148691476,96.84361549497848,41.35903194015865,74.00998613615754
2007,0.0,0.0,41.89674657062266,122.40393297883014,33.84116778060511,69.05884650799408
2008,0.0,0.0,51.03288636227957,65.48788474132286,41.264032307707915,66.77229924096137
2009,0.0,0.0,43.63129220694478,41.940954430241256,43.82241913555965,47.7685273645421
2010,0.0,0.0,41.07097455555338,96.79008869491764,48.50753916471384,46.11541198855466
2011,0.0,0.0,33.38557743055,80.94335804558584,30.695925464711898,49.64687262030968
