#{"white_adult"=>0.0, "white_juvenile"=>1820.6394882978798, "black_adult"=>0.0, "black_juvenile"=>4332.652566179175, "male_juvenile"=>5569.258535118063, "female_juvenile"=>1440.5569886548624}
Year,White Adult,Black Adult,White Juvenile,Black Juvenile,Male Juvenile,Female Juvenile
2005,0.0,0.0,2732.1292292037647,3829.1064544047836,5277.143733178891,1688.297984594281
2006,0.0,0.0,3145.0238081241546,6092.069714467341,7814.646136051471,2620.0228790730284
2007,0.0,0.0,2217.8137239940993,5618.473686944776,6724.815234036886,2162.239055442939
2008,0.0,0.0,1609.3000165480723,4893.598934572554,5970.614734215816,1375.5922234928933
2009,0.0,0.0,1303.662859393462,3900.730098916627,4956.6122874002085,802.0164986251147
2010,0.0,0.0,1264.0747822392182,2854.134338284194,4156.880289303956,662.0866408001993
2011,0.0,0.0,781.6654259278954,2980.538671722523,3982.522741923931,844.859813084112
