#{"white_adult"=>0.0, "white_juvenile"=>700.9427191839522, "black_adult"=>0.0, "black_juvenile"=>1290.7188744649718, "male_juvenile"=>1036.2460520379004, "female_juvenile"=>1155.5511032081945}
Year,White Adult,Black Adult,White Juvenile,Black Juvenile,Male Juvenile,Female Juvenile
2005,0.0,0.0,925.973034851183,1397.8861234231163,1158.3143119953668,1364.7075375470438
2006,0.0,0.0,1099.2886955499382,1666.0486306086773,1398.828887443071,1631.0564965496883
2007,0.0,0.0,864.7438832087086,1413.0604187230506,1211.798388707637,1301.6110103488745
2008,0.0,0.0,583.3195432732086,1430.9597347765718,1004.9206459214083,1199.1504656101943
2009,0.0,0.0,370.22449783379284,1036.2694300518135,763.6237417563347,775.8282047924578
2010,0.0,0.0,472.70023369449757,828.5302593659942,693.4347388435298,729.7191471184992
2011,0.0,0.0,760.3956184196534,1218.4241342775888,1002.7934961678963,1128.9719626168226
