#{"white_adult"=>357.10624986554734, "white_juvenile"=>0.0, "black_adult"=>1343.0695888323744, "black_juvenile"=>0.0, "male_juvenile"=>0.0, "female_juvenile"=>0.0}
Year,White Adult,Black Adult,White Juvenile,Black Juvenile,Male Juvenile,Female Juvenile
2005,498.5747960824152,1386.8008036981355,0.0,0.0,0.0,0.0
2006,441.9532176350113,1592.0601554674604,0.0,0.0,0.0,0.0
2007,420.4283113421798,1322.8279151846032,0.0,0.0,0.0,0.0
2008,307.8721250799324,1242.8402334662114,0.0,0.0,0.0,0.0
2009,338.7382098245668,1403.6436728114018,0.0,0.0,0.0,0.0
2010,309.1759788043172,1288.088103669689,0.0,0.0,0.0,0.0
2011,220.57383261937812,1186.6692352147948,0.0,0.0,0.0,0.0
