#{"white_adult"=>0.0, "white_juvenile"=>26.607066836951894, "black_adult"=>0.0, "black_juvenile"=>396.1167759235454, "male_juvenile"=>577.4878826645526, "female_juvenile"=>48.65571218061}
Year,White Adult,Black Adult,White Juvenile,Black Juvenile,Male Juvenile,Female Juvenile
2005,0.0,0.0,55.04713410858047,646.1591338717993,1019.7792346052557,54.01172054335791
2006,0.0,0.0,21.885030639042895,287.08488451779,452.1252862964395,17.605633802816904
2007,0.0,0.0,22.334723049434185,301.87636880216246,429.52314165497893,30.10939747750159
2008,0.0,0.0,23.137436372049976,321.00772043884604,452.71629778672036,27.51283932501834
2009,0.0,0.0,6.404918977774931,312.19117779175275,407.21168790798885,32.18078449601315
2010,0.0,0.0,57.623602627636274,536.362202240101,789.7034815292913,131.0321590356033
2011,0.0,0.0,9.337940050424876,333.6677788925963,485.5853789095358,62.01663505034291
