#{"white_adult"=>13.557543798398436, "white_juvenile"=>0.0, "black_adult"=>14.46199198601131, "black_juvenile"=>0.0, "male_juvenile"=>0.0, "female_juvenile"=>0.0}
Year,White Adult,Black Adult,White Juvenile,Black Juvenile,Male Juvenile,Female Juvenile
2005,17.545872333533538,16.485091743119266,0.0,0.0,0.0,0.0
2006,9.454059573180723,13.94576796963224,0.0,0.0,0.0,0.0
2007,17.55777415858908,10.86690754978402,0.0,0.0,0.0,0.0
2008,6.67253040550787,12.850818901525527,0.0,0.0,0.0,0.0
2009,9.99447364398509,11.68825097012483,0.0,0.0,0.0,0.0
2010,15.945050901508647,16.59621741722213,0.0,0.0,0.0,0.0
2011,18.29652996845426,18.934527110185424,0.0,0.0,0.0,0.0
