#{"white_adult"=>0.0, "white_juvenile"=>16.45231977708857, "black_adult"=>0.0, "black_juvenile"=>67.90639364814041, "male_juvenile"=>26.989046169882084, "female_juvenile"=>15.338073994785056}
Year,White Adult,Black Adult,White Juvenile,Black Juvenile,Male Juvenile,Female Juvenile
2005,0.0,0.0,4.356634064521751,57.55064456721916,15.529155990371923,2.041399583554485
2006,0.0,0.0,39.032006245120996,85.25149190110827,43.21894718644654,44.14231482298932
2007,0.0,0.0,31.25826540671812,90.94452384045732,43.14994606256742,29.197080291970806
2008,0.0,0.0,6.277227474169209,47.64740917212627,13.233056174323462,7.0246095487859135
2009,0.0,0.0,14.839914423160161,74.53416149068323,35.08771929824561,4.617551312538961
2010,0.0,0.0,2.6244308265644887,23.778385447628107,9.105187680681068,0.0
2011,0.0,0.0,15.981461504654602,98.32841691248771,29.996077436027598,19.559423974963938
