#{"white_adult"=>1.1045278072034441, "white_juvenile"=>0.0, "black_adult"=>2.8187276263494656, "black_juvenile"=>0.0, "male_juvenile"=>0.0, "female_juvenile"=>0.0}
Year,White Adult,Black Adult,White Juvenile,Black Juvenile,Male Juvenile,Female Juvenile
2005,1.7820361842447212,3.0458089668615984,0.0,0.0,0.0,0.0
2006,2.1156379494672826,0.0,0.0,0.0,0.0,0.0
2007,1.4243289630172984,14.672437825544714,0.0,0.0,0.0,0.0
2008,0.5628261753569374,0.0,0.0,0.0,0.0,0.0
2009,0.2860072388432151,2.2895345376285,0.0,0.0,0.0,0.0
2011,1.5696526216052695,0.0,0.0,0.0,0.0,0.0
