#{"white_adult"=>0.0, "white_juvenile"=>66.50937782227294, "black_adult"=>0.0, "black_juvenile"=>259.4372475275108, "male_juvenile"=>58.32115724066474, "female_juvenile"=>114.54604196105434}
Year,White Adult,Black Adult,White Juvenile,Black Juvenile,Male Juvenile,Female Juvenile
2005,0.0,0.0,129.60986341952207,356.81399631675873,91.23379144343504,214.3469562732209
2006,0.0,0.0,59.13940340169848,184.7115657857346,56.1846313423805,81.66328242253023
2007,0.0,0.0,85.3591093798841,324.80187085877617,64.72491909385113,152.7231892195396
2008,0.0,0.0,56.49504726752288,393.09112567004166,72.78180895877902,110.05221626431265
2009,0.0,0.0,35.86312652263705,49.68944099378882,17.543859649122805,60.028167063006485
2010,0.0,0.0,45.927539464878556,285.34062537153727,59.18371992442694,86.02256248924718
2011,0.0,0.0,41.28544222035772,207.5822134819185,41.53303029603821,80.68262389672624
