#{"white_adult"=>0.388630154386397, "white_juvenile"=>0.0, "black_adult"=>2.114045719762099, "black_juvenile"=>1.741189580721549, "male_juvenile"=>0.0, "female_juvenile"=>0.3263419998890437}
Year,White Adult,Black Adult,White Juvenile,Black Juvenile,Male Juvenile,Female Juvenile
2005,0.4455090460611803,3.0458089668615984,0.0,11.51012891344383,0.0,2.041399583554485
2006,1.128340239715884,7.934408886537953,0.0,0.0,0.0,0.0
2007,0.7121644815086492,0.0,0.0,0.0,0.0,0.0
2008,0.14070654383923434,2.5683172385453052,0.0,0.0,0.0,0.0
2009,0.14300361942160755,2.2895345376285,0.0,0.0,0.0,0.0
2011,0.14269569287320633,0.0,0.0,0.0,0.0,0.0
