#{"white_adult"=>0.0, "white_juvenile"=>35.81196749375258, "black_adult"=>0.0, "black_juvenile"=>340.176653139174, "male_juvenile"=>64.50273580569107, "female_juvenile"=>27.820226480153597}
Year,White Adult,Black Adult,White Juvenile,Black Juvenile,Male Juvenile,Female Juvenile
2005,0.0,0.0,28.21639206400142,187.23669839288502,52.12165808192299,14.556529723313961
2006,0.0,0.0,52.118233936415756,405.5299539170507,86.86355739676601,45.43842539232201
2007,0.0,0.0,33.65015644370978,339.7683397683398,61.453372253802435,27.142165944842397
2008,0.0,0.0,41.041850436146234,491.87339606501286,77.16227110445698,29.59528448467211
2010,0.0,0.0,32.0311441278289,292.1535893155259,55.69673129808194,23.47040875569775
2011,0.0,0.0,27.69566081244619,366.1726242371403,54.71270132564315,26.160889470241987
