#{"white_adult"=>0.47696200153801904, "white_juvenile"=>0.0, "black_adult"=>2.1596717298970556, "black_juvenile"=>0.0, "male_juvenile"=>0.0, "female_juvenile"=>0.0}
Year,White Adult,Black Adult,White Juvenile,Black Juvenile,Male Juvenile,Female Juvenile
2005,0.14986864013692,2.4998750062496873,0.0,0.0,0.0,0.0
2007,0.29607215870651993,0.0,0.0,0.0,0.0,0.0
2008,1.1773847928980148,1.9727367777317473,0.0,0.0,0.0,0.0
2010,0.14412212332241847,2.195196909162752,0.0,0.0,0.0,0.0
2011,1.0798032166617955,6.204885313036463,0.0,0.0,0.0,0.0
