#{"white_adult"=>10.7989089066172, "white_juvenile"=>0.09838452608173787, "black_adult"=>40.67381757972788, "black_juvenile"=>0.0, "male_juvenile"=>0.1853526890968134, "female_juvenile"=>0.0}
Year,White Adult,Black Adult,White Juvenile,Black Juvenile,Male Juvenile,Female Juvenile
2005,10.715607769789779,54.997250137493126,0.0,0.0,0.0,0.0
2006,11.951926694849606,43.52061011750565,0.0,0.0,0.0,0.0
2007,15.173698133709147,60.038691601254136,0.0,0.0,0.0,0.0
2008,12.656886523653661,55.236629776488925,0.6125649318827796,0.0,1.1516756881262238,0.0
2010,7.854655721071808,19.756772182464765,0.0,0.0,0.0,0.0
2011,6.622793062192346,12.409770626072927,0.0,0.0,0.0,0.0
