#{"white_adult"=>0.0, "white_juvenile"=>32.56527813305524, "black_adult"=>0.0, "black_juvenile"=>170.088326569587, "male_juvenile"=>38.55335933213719, "female_juvenile"=>35.65690999568982}
Year,White Adult,Black Adult,White Juvenile,Black Juvenile,Male Juvenile,Female Juvenile
2005,0.0,0.0,38.17511867482544,46.809174598221254,39.85773853323522,36.95119083610467
2006,0.0,0.0,50.4000504000504,331.7972350230415,66.81812107443538,50.979696781629585
2007,0.0,0.0,37.1922781746266,123.55212355212356,34.0188310690692,47.20376686059547
2008,0.0,0.0,41.041850436146234,192.47219846022242,40.30864908441783,50.558610994648184
2010,0.0,0.0,10.471720195636372,146.07679465776295,19.725925668070687,11.117562042172619
2011,0.0,0.0,16.256148737740155,209.2414995640802,29.636046551390045,15.458707414233903
