#{"white_adult"=>0.9783835928985004, "white_juvenile"=>0.0, "black_adult"=>6.479015189691167, "black_juvenile"=>0.0, "male_juvenile"=>0.0, "female_juvenile"=>0.0}
Year,White Adult,Black Adult,White Juvenile,Black Juvenile,Male Juvenile,Female Juvenile
2005,2.8475041626014796,4.999750012499375,0.0,0.0,0.0,0.0
2006,0.516441276937946,16.579280044764058,0.0,0.0,0.0,0.0
2007,0.5921443174130399,13.341931466945365,0.0,0.0,0.0,0.0
2008,1.030211693785763,3.9454735554634945,0.0,0.0,0.0,0.0
2010,0.5044274316284647,0.0,0.0,0.0,0.0,0.0
2011,0.43192128666471824,0.0,0.0,0.0,0.0,0.0
