#{"white_adult"=>1.644434177606722, "white_juvenile"=>0.0, "black_adult"=>2.170201684076507, "black_juvenile"=>2.0819236974964865, "male_juvenile"=>1.8143058012427993, "female_juvenile"=>0.0}
Year,White Adult,Black Adult,White Juvenile,Black Juvenile,Male Juvenile,Female Juvenile
2005,0.628654051675363,8.020918555592987,0.0,23.58490566037736,16.1537840239076,0.0
2007,1.2056472517270898,2.573571989242469,0.0,0.0,0.0,0.0
2008,1.0838992190506127,1.3072749852931564,0.0,0.0,0.0,0.0
2010,0.9895895182678225,0.0,0.0,0.0,0.0,0.0
2011,6.951340615690168,4.306122229279478,0.0,0.0,0.0,0.0
