#{"white_adult"=>5.987090847952497, "white_juvenile"=>1.3282858471142989, "black_adult"=>8.336638515775194, "black_juvenile"=>0.0, "male_juvenile"=>1.3458950201884252, "female_juvenile"=>0.0}
Year,White Adult,Black Adult,White Juvenile,Black Juvenile,Male Juvenile,Female Juvenile
2005,5.679523424878837,5.299510678514017,0.0,0.0,0.0,0.0
2006,6.341190645014383,3.5251608354631183,0.0,0.0,0.0,0.0
2007,4.681209624566988,0.0,0.0,0.0,0.0,0.0
2008,6.301702605467587,10.525946458019018,0.0,0.0,0.0,0.0
2009,8.654589907666344,18.335472471788375,0.0,0.0,0.0,0.0
2010,4.458165687727784,9.335673475484521,7.686395080707149,0.0,8.347245409015025,0.0
2011,5.631074521640219,10.21659174499387,0.0,0.0,0.0,0.0
