#{"white_adult"=>1.312239089962191, "white_juvenile"=>0.0, "black_adult"=>7.831387696637304, "black_juvenile"=>0.0, "male_juvenile"=>0.0, "female_juvenile"=>0.0}
Year,White Adult,Black Adult,White Juvenile,Black Juvenile,Male Juvenile,Female Juvenile
2005,0.6310581583198708,19.4315391545514,0.0,0.0,0.0,0.0
2006,0.5764718768194893,8.812902088657795,0.0,0.0,0.0,0.0
2007,5.851512030708735,11.274380848585066,0.0,0.0,0.0,0.0
2008,2.2915282201700315,8.771622048349181,0.0,0.0,0.0,0.0
2009,0.0,3.3337222675978864,0.0,0.0,0.0,0.0
2010,0.0,1.8671346950969043,0.0,0.0,0.0,0.0
2011,0.0,1.7027652908323119,0.0,0.0,0.0,0.0
