#{"white_adult"=>0.4920896587358216, "white_juvenile"=>0.0, "black_adult"=>1.768377866982617, "black_juvenile"=>0.0, "male_juvenile"=>0.0, "female_juvenile"=>0.0}
Year,White Adult,Black Adult,White Juvenile,Black Juvenile,Male Juvenile,Female Juvenile
2005,0.6310581583198708,1.7665035595046723,0.0,0.0,0.0,0.0
2006,0.5764718768194893,0.0,0.0,0.0,0.0,0.0
2007,0.0,3.758126949528355,0.0,0.0,0.0,0.0
2008,1.1457641100850158,1.754324409669836,0.0,0.0,0.0,0.0
2009,0.5409118692291465,0.0,0.0,0.0,0.0,0.0
2010,0.0,3.7342693901938087,0.0,0.0,0.0,0.0
2011,0.5631074521640219,1.7027652908323119,0.0,0.0,0.0,0.0
