#{"white_adult"=>0.2731467740866321, "white_juvenile"=>0.0, "black_adult"=>5.618656185999995, "black_juvenile"=>4.999625028122891, "male_juvenile"=>0.37588685805572525, "female_juvenile"=>0.0}
Year,White Adult,Black Adult,White Juvenile,Black Juvenile,Male Juvenile,Female Juvenile
2005,0.2879920283806544,0.0,0.0,0.0,0.0,0.0
2006,0.5144398591744269,6.2133670235900835,0.0,0.0,0.0,0.0
2007,0.28076835066843925,10.541851149061776,0.0,18.76876876876877,1.304138029969092,0.0
2008,0.37055221543905803,3.6909221769058997,0.0,8.322929671244278,0.6598308193779114,0.0
2009,0.1858714466607033,3.7501640696780485,0.0,0.0,0.0,0.0
2010,0.04620820121638469,11.355525274154825,0.0,6.850722751250257,0.6623306089467619,0.0
2011,0.22972345890017595,1.8582870310148105,0.0,0.0,0.0,0.0
