#{"white_adult"=>0.0, "white_juvenile"=>136.53052780422357, "black_adult"=>0.0, "black_juvenile"=>558.708096892733, "male_juvenile"=>139.07813748061832, "female_juvenile"=>173.02789888738}
Year,White Adult,Black Adult,White Juvenile,Black Juvenile,Male Juvenile,Female Juvenile
2005,0.0,0.0,155.31139755033206,365.22268438673024,131.94863850011816,202.91486462468157
2006,0.0,0.0,147.50866698388958,342.1272713449403,117.67445080012332,198.7067223494544
2007,0.0,0.0,192.1364477018974,1144.8948948948948,225.61587918465293,233.12209434745913
2008,0.0,0.0,154.00755202170234,873.9076154806493,161.65855074758832,214.53846368170295
2009,0.0,0.0,123.24560937516601,658.1309082206534,140.15177411636014,143.99446175147108
2010,0.0,0.0,105.4283069643438,363.08830581626364,114.58319534778981,127.59192893896504
2011,0.0,0.0,75.74899473296709,272.623340075631,81.59691125838359,88.72308616618463
