#{"white_adult"=>0.6995222263194238, "white_juvenile"=>0.0, "black_adult"=>15.170371702199985, "black_juvenile"=>0.0, "male_juvenile"=>0.0, "female_juvenile"=>0.0}
Year,White Adult,Black Adult,White Juvenile,Black Juvenile,Male Juvenile,Female Juvenile
2005,1.2959641277129448,18.7823660414822,0.0,0.0,0.0,0.0
2006,0.7950434187241143,14.497856388376862,0.0,0.0,0.0,0.0
2007,0.5615367013368785,29.51718321737297,0.0,0.0,0.0,0.0
2008,0.8800615116677629,12.91822761917065,0.0,0.0,0.0,0.0
2009,0.6970179249776374,5.625246104517073,0.0,0.0,0.0,0.0
2010,0.18483280486553877,14.599961066770488,0.0,0.0,0.0,0.0
2011,0.5053916095803871,13.008009217103673,0.0,0.0,0.0,0.0
