#{"white_adult"=>0.0, "white_juvenile"=>61.995818414214014, "black_adult"=>0.0, "black_juvenile"=>313.4324814196275, "male_juvenile"=>167.54487503420853, "female_juvenile"=>54.601351123500784}
Year,White Adult,Black Adult,White Juvenile,Black Juvenile,Male Juvenile,Female Juvenile
2005,0.0,0.0,72.68080071363534,622.7039775046487,281.5302164387056,87.6601356087184
2006,0.0,0.0,84.16254289162025,447.5992193795092,238.3302091207762,77.26815384700906
2007,0.0,0.0,51.46782271314608,260.5917136705926,138.17419477796835,48.03212944369535
2008,0.0,0.0,49.175447996666065,222.6030870332434,126.05042016806723,40.893633506951915
2009,0.0,0.0,58.02632792887283,208.20118270548997,131.57022915937037,44.601670424204656
2010,0.0,0.0,61.60937237116197,215.4700966881043,135.74036013374644,45.748751141154386
2011,0.0,0.0,55.43298569927298,142.17627555719287,109.73974872563481,33.6392008820946
