#{"white_adult"=>0.0, "white_juvenile"=>121.48607125625334, "black_adult"=>0.0, "black_juvenile"=>87.85607433731984, "male_juvenile"=>104.51825431241461, "female_juvenile"=>138.99036678169577}
Year,White Adult,Black Adult,White Juvenile,Black Juvenile,Male Juvenile,Female Juvenile
2005,0.0,0.0,153.2189852882042,100.6848383146628,124.50570516402234,180.79902969298172
2006,0.0,0.0,145.46471940321933,99.20773540877778,117.27073121007157,167.1363903357366
2007,0.0,0.0,135.88902512724312,101.31416157660422,120.58172435530928,151.04079258800587
2008,0.0,0.0,121.80746561886052,86.70871955053445,103.61610707631469,140.29059916021305
2009,0.0,0.0,103.54907473499692,70.59401280923247,82.53902145825248,122.60367851767671
2010,0.0,0.0,104.09442090215971,83.6723979524872,98.92941501273046,114.47445352809034
2011,0.0,0.0,82.10473269870144,66.77104439123227,80.87127428609845,88.66628874478022
