#{"white_adult"=>2.2125320782399536, "white_juvenile"=>0.0, "black_adult"=>23.607941057924894, "black_juvenile"=>0.0, "male_juvenile"=>0.0, "female_juvenile"=>0.0}
Year,White Adult,Black Adult,White Juvenile,Black Juvenile,Male Juvenile,Female Juvenile
2005,2.4171485097699983,24.928676287289147,0.0,0.0,0.0,0.0
2006,2.4784738909674275,44.72612974699851,0.0,0.0,0.0,0.0
2007,2.3692118502496937,27.065184679489644,0.0,0.0,0.0,0.0
2008,2.226053112659419,15.633005611744723,0.0,0.0,0.0,0.0
2009,2.0580674071743266,15.989670672745406,0.0,0.0,0.0,0.0
2010,2.1357161186571267,19.919366404793394,0.0,0.0,0.0,0.0
2011,1.8041648902685785,17.812611328820804,0.0,0.0,0.0,0.0
