#{"white_adult"=>0.0, "white_juvenile"=>182.2759781886711, "black_adult"=>0.0, "black_juvenile"=>376.812968053844, "male_juvenile"=>191.12738236244212, "female_juvenile"=>395.54741891946065}
Year,White Adult,Black Adult,White Juvenile,Black Juvenile,Male Juvenile,Female Juvenile
2006,0.0,0.0,38.13397737384009,20.664003306240527,17.213185299939756,37.1540033438603
2007,0.0,0.0,133.06719893546241,288.659793814433,143.67816091954023,295.91270575180323
2008,0.0,0.0,313.78228336953896,462.1769477457084,255.48716757635583,515.714702734261
2009,0.0,0.0,343.1185665268776,665.131747249936,435.66039740728934,638.1934216985763
2010,0.0,0.0,213.7703749888661,890.3365906623236,261.657788991683,801.150369761709
2011,0.0,0.0,224.86648552422,599.5608849856443,300.1031604614086,539.9932500843739
