#{"white_adult"=>0.0, "white_juvenile"=>475.5134437608127, "black_adult"=>0.0, "black_juvenile"=>531.7291034071645, "male_juvenile"=>628.4991821891605, "female_juvenile"=>339.5664231276505}
Year,White Adult,Black Adult,White Juvenile,Black Juvenile,Male Juvenile,Female Juvenile
2005,0.0,0.0,648.5391709040765,676.8500909964624,870.5703958011865,434.02430573319504
2006,0.0,0.0,612.6351492083859,542.4554116067305,771.5660321862264,428.42205671937484
2007,0.0,0.0,556.3579297826595,523.3958783607054,715.5524592060299,384.95146777507495
2008,0.0,0.0,544.9362925904543,657.8876034133172,719.6855691092895,403.1870980128636
2009,0.0,0.0,457.5208830191393,572.9977935809706,599.6981241251918,348.29626692872534
2010,0.0,0.0,316.3527335312891,415.17398072095125,432.43234851672054,232.2548902959421
2011,0.0,0.0,248.78833258334134,356.7379002449285,351.57995617364713,179.83940965271617
