#{"white_adult"=>0.0, "white_juvenile"=>482.08772339818887, "black_adult"=>0.0, "black_juvenile"=>702.1416640276199, "male_juvenile"=>417.6943436837267, "female_juvenile"=>626.0829127434004}
Year,White Adult,Black Adult,White Juvenile,Black Juvenile,Male Juvenile,Female Juvenile
2005,0.0,0.0,641.3212100318883,744.6227371385337,518.889499940378,812.5165689197297
2006,0.0,0.0,538.2556555594366,675.3997004749154,463.95506814011793,667.9018233848186
2007,0.0,0.0,535.1123788977109,822.1252460731544,465.4961421746289,710.6796328155231
2008,0.0,0.0,514.2563646147709,927.6025458922009,450.17567634992344,721.8626146820444
2009,0.0,0.0,460.78067137258665,767.3528284949649,404.0908234661995,619.7463485408925
2010,0.0,0.0,385.8130946784868,533.3921432363055,343.2446320482747,480.1059899090918
2011,0.0,0.0,336.8509188016849,468.54734538069147,303.20021597823603,416.4491405181553
