#{"white_adult"=>0.0, "white_juvenile"=>1.5493246881015739, "black_adult"=>0.0, "black_juvenile"=>2.1471322365066157, "male_juvenile"=>2.613513607694184, "female_juvenile"=>0.9306827488645669}
Year,White Adult,Black Adult,White Juvenile,Black Juvenile,Male Juvenile,Female Juvenile
2008,0.0,0.0,8.023321120055629,8.0863623498969,14.740131481972819,0.0
2009,0.0,0.0,2.638940201615031,3.9463299131807417,0.0,6.29643621710112
2010,0.0,0.0,0.0,3.590148632153371,2.847218267752406,0.0
