#{"white_adult"=>0.12546825460908645, "white_juvenile"=>0.0, "black_adult"=>1.2769388492227092, "black_juvenile"=>0.0, "male_juvenile"=>0.0, "female_juvenile"=>0.0}
Year,White Adult,Black Adult,White Juvenile,Black Juvenile,Male Juvenile,Female Juvenile
2005,0.029807094446163324,0.0,0.0,0.0,0.0,0.0
2006,0.28406766719086624,0.0,0.0,0.0,0.0,0.0
2007,0.08479117629103045,0.0,0.0,0.0,0.0,0.0
2008,0.02809935143886944,0.0,0.0,0.0,0.0,0.0
2009,0.1395839783276332,0.6387245947292446,0.0,0.0,0.0,0.0
2010,0.05596830626752682,5.312774862310585,0.0,0.0,0.0,0.0
2011,0.2514091482760875,2.215747316176063,0.0,0.0,0.0,0.0
