#{"white_adult"=>0.028331541363342105, "white_juvenile"=>0.0, "black_adult"=>2.18903802723893, "black_juvenile"=>7.01618261885207, "male_juvenile"=>0.9372944499487521, "female_juvenile"=>0.0}
Year,White Adult,Black Adult,White Juvenile,Black Juvenile,Male Juvenile,Female Juvenile
2005,0.1192283777846533,14.009417441724715,0.0,20.661157024793386,2.660737024155691,0.0
2006,0.0,0.0,0.0,12.357884330202667,1.5261758230856985,0.0
2007,0.0,0.0,0.0,11.431510959961134,1.5339305436249846,0.0
2008,0.05619870287773888,0.6135533944841549,0.0,6.2144610508653635,0.7685006935718759,0.0
2009,0.0,0.6387245947292446,0.0,0.0,0.0,0.0
2010,0.02798415313376341,1.180616636069019,0.0,0.0,0.0,0.0
2011,0.0,1.1078736580880315,0.0,0.0,0.0,0.0
