#{"white_adult"=>0.0, "white_juvenile"=>155.794958516477, "black_adult"=>0.0, "black_juvenile"=>6345.105387190101, "male_juvenile"=>844.2817595332493, "female_juvenile"=>472.0768355375998}
Year,White Adult,Black Adult,White Juvenile,Black Juvenile,Male Juvenile,Female Juvenile
2005,0.0,0.0,153.09164660175745,5608.028335301062,687.6104680996635,430.1841297676458
2006,0.0,0.0,204.9592596318278,10402.249134948097,1163.709065102845,731.8857272179856
2007,0.0,0.0,203.66598778004072,7304.735503415163,1001.2731623512088,566.621154927315
2008,0.0,0.0,189.40540901753513,7898.579995649878,1009.4256610066591,507.96840548159315
2009,0.0,0.0,119.57598047883438,6847.608745533812,835.2287862953629,422.29234851465264
2010,0.0,0.0,71.68823676630907,3473.245591747548,537.7338198723778,270.90460171735623
2011,0.0,0.0,144.85520025732316,3981.0305049987187,678.0591957668682,364.93667656838454
