#{"white_adult"=>0.0, "white_juvenile"=>304.8122588688544, "black_adult"=>0.0, "black_juvenile"=>5001.300057367611, "male_juvenile"=>615.0305640693135, "female_juvenile"=>815.8074177850904}
Year,White Adult,Black Adult,White Juvenile,Black Juvenile,Male Juvenile,Female Juvenile
2005,0.0,0.0,328.6724973539079,2750.8854781582054,429.5189767565616,632.5546439531535
2006,0.0,0.0,373.24380511685615,5996.663371230846,672.6619940250217,1038.6230364164676
2007,0.0,0.0,337.1967388167996,5601.440370380955,659.2066511228372,973.4157898963938
2008,0.0,0.0,277.5300866420112,5397.259422676568,612.879303123571,786.2744863498442
2009,0.0,0.0,331.0994801428723,6926.279214606485,783.5905001946682,909.0376421940787
2010,0.0,0.0,292.05533144144255,6313.837085217745,824.1478334044021,882.2703920794979
2011,0.0,0.0,188.5557736887055,2435.2730069213026,329.55301471384587,475.19598050788466
