#{"white_adult"=>0.0, "white_juvenile"=>76.98180950684433, "black_adult"=>0.0, "black_juvenile"=>258.9689085304534, "male_juvenile"=>118.57493764593795, "female_juvenile"=>148.96740089742755}
Year,White Adult,Black Adult,White Juvenile,Black Juvenile,Male Juvenile,Female Juvenile
2005,0.0,0.0,95.50130952553214,264.17197838152254,115.55667933132385,190.11860917250635
2006,0.0,0.0,95.63102817016859,315.05003618277703,143.02431413340267,185.17058392050328
2009,0.0,0.0,75.07507507507508,245.7133481007466,115.9092134346865,141.92069083478953
2010,0.0,0.0,59.567968918895794,253.50851828232135,109.20464076041374,125.92443619676207
2011,0.0,0.0,60.650853759819576,217.15781045560178,109.45723349519865,105.74740514727179
