#{"white_adult"=>0.03814456082879739, "white_juvenile"=>0.0, "black_adult"=>0.30283590684969397, "black_juvenile"=>0.0, "male_juvenile"=>0.0, "female_juvenile"=>0.0}
Year,White Adult,Black Adult,White Juvenile,Black Juvenile,Male Juvenile,Female Juvenile
2005,0.07182081568336789,0.3663795472281556,0.0,0.0,0.0,0.0
2006,0.0,0.7214330546196965,0.0,0.0,0.0,0.0
2007,0.0,0.3423731250791738,0.0,0.0,0.0,0.0
2008,0.0,0.3471607458401464,0.0,0.0,0.0,0.0
2009,0.1945532861995572,0.0,0.0,0.0,0.0,0.0
2010,0.0,0.35394346107152846,0.0,0.0,0.0,0.0
