#{"white_adult"=>0.0, "white_juvenile"=>3668.325445566796, "black_adult"=>0.0, "black_juvenile"=>3208.9266693554227, "male_juvenile"=>4833.6956842529835, "female_juvenile"=>2315.644522746373}
Year,White Adult,Black Adult,White Juvenile,Black Juvenile,Male Juvenile,Female Juvenile
2005,0.0,0.0,4528.972406739739,4098.122299767364,5851.436010088682,3011.8149993267807
2006,0.0,0.0,6194.370111747884,5277.240634977739,7820.175477984429,4149.613566653925
2007,0.0,0.0,5737.686785899946,5975.579812049376,7907.051225023576,3702.6895729364483
2008,0.0,0.0,4350.872168839205,3228.0458174245055,5458.139863276546,2823.572195476743
2009,0.0,0.0,2016.9730379458272,1041.031891123299,2602.7158050540916,1052.2842594326582
2010,0.0,0.0,1727.1488085136666,815.6650911546253,2331.3205091119466,808.6401642951446
2011,0.0,0.0,1389.183292576374,829.2289284024821,1943.3142182931801,658.2349486822154
