#{"white_adult"=>0.0, "white_juvenile"=>16.8289274795064, "black_adult"=>0.0, "black_juvenile"=>36.19479001851105, "male_juvenile"=>14.387462986099498, "female_juvenile"=>26.57877950244525}
Year,White Adult,Black Adult,White Juvenile,Black Juvenile,Male Juvenile,Female Juvenile
2005,0.0,0.0,21.69443899213835,41.542040545031576,17.08567244325116,34.50249091153898
2006,0.0,0.0,23.54400431831494,69.70364707469533,26.043303727784615,40.08838089555579
2007,0.0,0.0,23.227262169426286,35.715082925958164,16.013380068679606,35.33100737534779
2008,0.0,0.0,21.478212399065185,17.355085039916695,13.290250770419226,29.439268520763346
2009,0.0,0.0,10.362050027977535,17.773715214300225,8.31538595863927,15.160027466402704
2010,0.0,0.0,10.401213109907978,24.307900067521945,12.655481631472373,12.83555816341499
2011,0.0,0.0,7.755023963024046,41.73971116119876,7.807958912785099,18.406037180195103
