#{"white_adult"=>12203.034706498598, "white_juvenile"=>4674.85549132948, "black_adult"=>Infinity, "black_juvenile"=>Infinity, "male_juvenile"=>17459.903507628114, "female_juvenile"=>13466.212931453572}
Year,White Adult,Black Adult,White Juvenile,Black Juvenile,Male Juvenile,Female Juvenile
2005,16088.252832438879,Infinity,2195.3896816684965,Infinity,11684.21052631579,6307.339449541284
2006,6097.292537970504,Infinity,2133.194588969823,Infinity,10028.929604628736,5649.717514124294
2007,7213.962508080154,Infinity,2002.2246941045607,Infinity,11807.73249738767,6183.115338882283
2008,7367.781155015197,Infinity,2538.0710659898477,Infinity,12019.826517967782,5279.503105590063
2009,9700.409132902205,Infinity,2433.862433862434,Infinity,9430.756159728122,7713.884992987377
2010,18375.973303670744,Infinity,10046.511627906977,Infinity,34150.32679738562,28401.727861771058
2011,19250.87108013937,Infinity,8973.843058350101,Infinity,25379.037574159524,31508.264462809915
