#{"white_adult"=>101693.0823561218, "white_juvenile"=>14031.791907514451, "black_adult"=>Infinity, "black_juvenile"=>Infinity, "male_juvenile"=>49641.413482853044, "female_juvenile"=>22281.63992869875}
Year,White Adult,Black Adult,White Juvenile,Black Juvenile,Male Juvenile,Female Juvenile
2005,40858.67620751342,Infinity,8342.480790340285,Infinity,40315.78947368421,11811.926605504586
2006,32918.77613911512,Infinity,7856.39958376691,Infinity,38090.646094503376,12881.355932203389
2007,42533.93665158371,Infinity,6395.995550611791,Infinity,29153.605015673984,13674.197384066589
2008,50139.81762917933,Infinity,5978.567399887197,Infinity,38413.87856257745,8385.093167701863
2009,65065.3292859971,Infinity,7830.687830687831,Infinity,33474.93627867459,16549.789621318374
2010,236707.45272525027,Infinity,34558.13953488372,Infinity,94444.44444444444,56155.50755939524
2011,219327.09059233448,Infinity,21207.24346076459,Infinity,58668.42452208306,33471.074380165286
