#{"white_adult"=>72.6572268595181, "white_juvenile"=>93.93063583815028, "black_adult"=>Infinity, "black_juvenile"=>Infinity, "male_juvenile"=>273.8297040031295, "female_juvenile"=>16.20482903905364}
Year,White Adult,Black Adult,White Juvenile,Black Juvenile,Male Juvenile,Female Juvenile
2005,83.48240906380441,Infinity,219.53896816684963,Infinity,631.578947368421,0.0
2006,44.02377283733216,Infinity,104.0582726326743,Infinity,289.2960462873674,0.0
2007,116.35423400129282,Infinity,166.85205784204672,Infinity,313.4796238244514,118.90606420927466
2008,48.632218844984806,Infinity,112.80315848843769,NaN,247.83147459727385,0.0
2009,105.58268443975189,Infinity,0.0,NaN,0.0,0.0
2010,22.24694104560623,Infinity,93.0232558139535,Infinity,245.09803921568627,0.0
2011,97.99651567944251,Infinity,0.0,Infinity,263.67831245880024,0.0
