#{"white_adult"=>0.0, "white_juvenile"=>6546.2427745664745, "black_adult"=>NaN, "black_juvenile"=>Infinity, "male_juvenile"=>19585.343591080975, "female_juvenile"=>10727.596823853508}
Year,White Adult,Black Adult,White Juvenile,Black Juvenile,Male Juvenile,Female Juvenile
2005,0.0,NaN,0.0,Infinity,0.0,114.67889908256882
2007,0.0,NaN,7508.342602892103,Infinity,27168.23406478579,13674.197384066589
2008,0.0,NaN,7388.606880992668,Infinity,31846.34448574969,13664.596273291927
2009,0.0,NaN,8624.338624338625,Infinity,20560.747663551403,17110.799438990183
2010,0.0,NaN,11534.883720930233,Infinity,29656.86274509804,17494.600431965442
2011,0.0,NaN,9215.291750503018,Infinity,25049.439683586028,13429.752066115701
