#{"white_adult"=>20024.669663073233, "white_juvenile"=>93.93063583815028, "black_adult"=>Infinity, "black_juvenile"=>Infinity, "male_juvenile"=>286.8692137175642, "female_juvenile"=>64.81931615621455}
Year,White Adult,Black Adult,White Juvenile,Black Juvenile,Male Juvenile,Female Juvenile
2005,9004.17412045319,Infinity,219.53896816684963,Infinity,421.05263157894734,114.67889908256882
2006,12436.715826546335,Infinity,156.08740894901143,Infinity,578.5920925747348,225.98870056497177
2007,19495.798319327732,Infinity,0.0,Infinity,208.98641588296763,0.0
2008,20231.00303951368,Infinity,0.0,Infinity,247.83147459727385,0.0
2009,32149.92741190445,Infinity,52.91005291005291,Infinity,254.88530161427357,0.0
2010,24994.438264738597,Infinity,139.53488372093022,Infinity,245.09803921568627,107.99136069114472
2011,22985.62717770035,Infinity,80.48289738430583,NaN,131.83915622940012,0.0
