#{"white_adult"=>33260.11287215708, "white_juvenile"=>563.5838150289018, "black_adult"=>Infinity, "black_juvenile"=>Infinity, "male_juvenile"=>860.6076411526926, "female_juvenile"=>340.3014098201264}
Year,White Adult,Black Adult,White Juvenile,Black Juvenile,Male Juvenile,Female Juvenile
2005,29111.50864639237,Infinity,658.6169045005488,NaN,631.578947368421,688.0733944954129
2006,28362.31565045124,Infinity,780.4370447450572,Infinity,1253.616200578592,338.9830508474576
2007,43645.765998707175,Infinity,723.0255839822024,Infinity,1253.9184952978055,356.718192627824
2008,39331.30699088146,Infinity,902.4252679075015,Infinity,1982.6517967781908,207.0393374741201
2009,44463.50798469051,Infinity,529.1005291005291,Infinity,934.5794392523363,280.50490883590464
2010,26140.155728587317,Infinity,325.58139534883725,NaN,408.49673202614383,215.98272138228944
2011,25435.540069686413,Infinity,201.2072434607646,NaN,197.7587343441002,309.91735537190084
