#{"white_adult"=>246.69663073231726, "white_juvenile"=>21.67630057803468, "black_adult"=>Infinity, "black_juvenile"=>Infinity, "male_juvenile"=>65.19754857217369, "female_juvenile"=>64.81931615621455}
Year,White Adult,Black Adult,White Juvenile,Black Juvenile,Male Juvenile,Female Juvenile
2005,143.11270125223612,Infinity,0.0,NaN,0.0,0.0
2006,385.2080123266564,Infinity,52.02913631633715,NaN,96.43201542912247,0.0
2007,271.49321266968326,Infinity,0.0,Infinity,104.49320794148382,237.81212841854932
2008,559.2705167173252,Infinity,56.401579244218844,Infinity,247.83147459727385,207.0393374741201
2009,422.33073775900755,Infinity,52.91005291005291,NaN,84.96176720475786,0.0
