#{"white_adult"=>1758.9807711804265, "white_juvenile"=>303.46820809248555, "black_adult"=>Infinity, "black_juvenile"=>Infinity, "male_juvenile"=>964.9237188681706, "female_juvenile"=>631.9883325230919}
Year,White Adult,Black Adult,White Juvenile,Black Juvenile,Male Juvenile,Female Juvenile
2005,1705.4263565891472,Infinity,658.6169045005488,Infinity,3263.157894736842,917.4311926605506
2006,836.451683909311,Infinity,52.02913631633715,Infinity,96.43201542912247,338.9830508474576
2007,1098.901098901099,Infinity,0.0,Infinity,0.0,594.5303210463734
2008,1750.759878419453,Infinity,338.409475465313,Infinity,1486.988847583643,207.0393374741201
2009,1636.5316088161542,Infinity,370.3703703703704,Infinity,934.5794392523363,1122.0196353436186
2010,2625.139043381535,Infinity,465.1162790697674,Infinity,1307.1895424836603,971.9222462203023
2011,2537.020905923345,Infinity,241.4486921529175,Infinity,197.7587343441002,413.22314049586777
