#{"white_adult"=>2041.1611638673921, "white_juvenile"=>1517.3410404624276, "black_adult"=>Infinity, "black_juvenile"=>Infinity, "male_juvenile"=>2451.4278263137307, "female_juvenile"=>1280.1814940852373}
Year,White Adult,Black Adult,White Juvenile,Black Juvenile,Male Juvenile,Female Juvenile
2005,1550.3875968992247,Infinity,1152.5795828759603,Infinity,2315.789473684211,458.7155963302753
2006,990.5348888399735,Infinity,1560.8740894901143,Infinity,2121.5043394406944,1807.9096045197741
2007,1447.9638009049775,Infinity,1056.7296996662958,Infinity,1985.3709508881923,1070.154577883472
2008,2103.3434650455924,Infinity,676.818950930626,Infinity,1363.0731102850061,414.0786749482402
2009,3418.239408736967,Infinity,793.6507936507936,Infinity,1444.3500424808835,280.50490883590464
2010,2436.040044493882,Infinity,2325.5813953488373,Infinity,3349.673202614379,2807.7753779697623
2011,2449.9128919860627,Infinity,2535.211267605634,Infinity,3691.496374423204,1859.504132231405
