#{"white_adult"=>172.34970092257782, "white_juvenile"=>36.127167630057805, "black_adult"=>Infinity, "black_juvenile"=>Infinity, "male_juvenile"=>534.6198982918243, "female_juvenile"=>32.40965807810728}
Year,White Adult,Black Adult,White Juvenile,Black Juvenile,Male Juvenile,Female Juvenile
2005,369.70781156827667,Infinity,54.88474204171241,Infinity,631.578947368421,0.0
2006,176.09509134932864,Infinity,52.02913631633715,Infinity,385.7280617164899,112.99435028248588
2007,77.56948933419521,Infinity,0.0,Infinity,313.4796238244514,118.90606420927466
2008,158.0547112462006,Infinity,0.0,Infinity,247.83147459727385,0.0
2009,118.78051999472086,Infinity,0.0,Infinity,764.6559048428207,0.0
2010,155.7285873192436,Infinity,0.0,Infinity,816.9934640522877,0.0
2011,141.55052264808364,Infinity,120.72434607645874,Infinity,461.4370468029005,0.0
