#{"white_adult"=>14100.571119597174, "white_juvenile"=>7008.670520231214, "black_adult"=>Infinity, "black_juvenile"=>Infinity, "male_juvenile"=>25414.0044334333, "female_juvenile"=>18198.023010857236}
Year,White Adult,Black Adult,White Juvenile,Black Juvenile,Male Juvenile,Female Juvenile
2005,11162.790697674418,Infinity,9604.829857299672,Infinity,34842.10526315789,20068.80733944954
2006,14692.934184459607,Infinity,7648.28303850156,Infinity,30568.94889103182,20338.98305084746
2007,20064.64124111183,Infinity,9899.888765294772,Infinity,33019.85370950888,26040.428061831157
2008,20437.689969604864,Infinity,9644.67005076142,Infinity,41883.51920693928,18737.06004140787
2009,21420.087105714665,Infinity,8518.518518518518,Infinity,28717.077315208157,28751.753155680228
2010,6418.242491657397,Infinity,3348.837209302326,Infinity,12418.300653594772,8099.352051835854
2011,6979.529616724739,Infinity,2655.9356136820925,Infinity,10349.37376400791,9090.909090909092
