#{"white_adult"=>598.1548443783582, "white_juvenile"=>72.25433526011561, "black_adult"=>Infinity, "black_juvenile"=>Infinity, "male_juvenile"=>182.55313600208632, "female_juvenile"=>64.81931615621455}
Year,White Adult,Black Adult,White Juvenile,Black Juvenile,Male Juvenile,Female Juvenile
2005,369.70781156827667,Infinity,54.88474204171241,NaN,105.26315789473684,0.0
2006,451.24367158265466,Infinity,0.0,Infinity,0.0,112.99435028248588
2007,452.48868778280547,Infinity,0.0,NaN,0.0,0.0
2008,863.2218844984803,Infinity,225.60631697687538,Infinity,371.74721189591077,207.0393374741201
2009,620.2982710835423,Infinity,105.82010582010582,Infinity,254.88530161427357,140.25245441795232
2010,611.7908787541713,Infinity,46.51162790697675,Infinity,326.79738562091507,0.0
2011,805.7491289198606,Infinity,80.48289738430583,Infinity,197.7587343441002,0.0
