#{"white_adult"=>4513.196580041229, "white_juvenile"=>296.242774566474, "black_adult"=>Infinity, "black_juvenile"=>Infinity, "male_juvenile"=>3468.5095840396402, "female_juvenile"=>421.32555501539457}
Year,White Adult,Black Adult,White Juvenile,Black Juvenile,Male Juvenile,Female Juvenile
2005,5187.83542039356,Infinity,329.3084522502744,Infinity,5578.9473684210525,344.03669724770646
2006,5106.757649130531,Infinity,364.20395421436007,Infinity,7232.401157184185,338.9830508474576
2007,5494.505494505494,Infinity,166.85205784204672,Infinity,4075.235109717868,594.5303210463734
2008,4376.899696048632,Infinity,225.60631697687538,Infinity,3593.5563816604713,207.0393374741201
2009,3959.350666490696,Infinity,264.55026455026456,Infinity,2039.0824129141886,0.0
2010,3592.8809788654057,Infinity,279.06976744186045,Infinity,1633.9869281045753,647.9481641468683
2011,3963.4146341463415,Infinity,402.4144869215292,Infinity,1713.9090309822018,723.1404958677687
