#{"white_adult"=>10124.700077726335, "white_juvenile"=>4573.699421965318, "black_adult"=>Infinity, "black_juvenile"=>Infinity, "male_juvenile"=>17225.19233276829, "female_juvenile"=>3694.701020904229}
Year,White Adult,Black Adult,White Juvenile,Black Juvenile,Male Juvenile,Female Juvenile
2005,7906.976744186047,Infinity,2414.928649835346,Infinity,12105.263157894737,1720.1834862385322
2006,5998.239049086506,Infinity,2861.602497398543,Infinity,11957.569913211186,1694.915254237288
2007,8985.132514544279,Infinity,3670.7452725250278,Infinity,13793.103448275862,3210.4637336504165
2008,10382.978723404256,Infinity,4906.937394247038,Infinity,23915.737298636926,2587.9917184265014
2009,11191.7645506137,Infinity,3915.3439153439153,Infinity,13169.073916737467,4067.321178120617
2010,11768.631813125694,Infinity,7534.883720930233,Infinity,28104.57516339869,6155.507559395249
2011,14470.81881533101,Infinity,5835.010060362173,Infinity,17007.251153592617,6198.347107438017
