#{"white_adult"=>4481.092223987023, "white_juvenile"=>36.127167630057805, "black_adult"=>Infinity, "black_juvenile"=>Infinity, "male_juvenile"=>52.158038857738944, "female_juvenile"=>64.81931615621455}
Year,White Adult,Black Adult,White Juvenile,Black Juvenile,Male Juvenile,Female Juvenile
2005,2516.398330351819,Infinity,0.0,NaN,0.0,0.0
2006,1837.9925159586176,Infinity,104.0582726326743,NaN,192.86403085824494,0.0
2007,3309.6315449256626,Infinity,111.23470522803115,NaN,0.0,237.81212841854932
2008,4170.212765957447,Infinity,0.0,NaN,0.0,0.0
2009,6664.906955259338,Infinity,52.91005291005291,NaN,84.96176720475786,0.0
2010,6140.15572858732,Infinity,0.0,Infinity,81.69934640522877,107.99136069114472
2011,6729.094076655052,Infinity,0.0,Infinity,0.0,103.30578512396694
