#{"white_adult"=>157.14237437058563, "white_juvenile"=>137.28323699421966, "black_adult"=>Infinity, "black_juvenile"=>Infinity, "male_juvenile"=>704.1335245794758, "female_juvenile"=>0.0}
Year,White Adult,Black Adult,White Juvenile,Black Juvenile,Male Juvenile,Female Juvenile
2005,143.11270125223612,Infinity,329.3084522502744,Infinity,947.3684210526317,0.0
2006,132.07131851199648,Infinity,104.0582726326743,Infinity,482.1600771456123,0.0
2007,155.13897866839042,Infinity,166.85205784204672,Infinity,835.9456635318705,0.0
2008,182.370820668693,Infinity,169.2047377326565,Infinity,1363.0731102850061,0.0
2009,184.7696977695658,Infinity,0.0,Infinity,169.92353440951572,0.0
2010,166.85205784204672,Infinity,186.046511627907,Infinity,735.2941176470588,0.0
2011,141.55052264808364,Infinity,40.241448692152915,Infinity,659.1957811470006,0.0
