#{"white_adult"=>1099.9966205940996, "white_juvenile"=>411.8497109826589, "black_adult"=>Infinity, "black_juvenile"=>Infinity, "male_juvenile"=>5659.147216064675, "female_juvenile"=>388.9158969372873}
Year,White Adult,Black Adult,White Juvenile,Black Juvenile,Male Juvenile,Female Juvenile
2005,1299.9403697078114,Infinity,548.8474204171241,Infinity,6526.315789473684,344.03669724770646
2006,858.4635703279771,Infinity,312.17481789802287,Infinity,4821.600771456124,225.98870056497177
2007,1292.824822236587,Infinity,611.7908787541713,Infinity,7732.497387669801,356.718192627824
2008,1130.6990881458967,Infinity,394.8110547095319,Infinity,8921.933085501858,0.0
2009,1425.3662399366503,Infinity,476.19047619047626,Infinity,5097.706032285471,841.5147265077138
2010,934.3715239154617,Infinity,372.093023255814,Infinity,5718.9542483660125,215.98272138228944
2011,860.1916376306621,Infinity,241.4486921529175,Infinity,3032.300593276203,826.4462809917355
