#{"white_adult"=>0.0, "white_juvenile"=>9393.063583815028, "black_adult"=>NaN, "black_juvenile"=>Infinity, "male_juvenile"=>20798.01799452341, "female_juvenile"=>29557.608167233833}
Year,White Adult,Black Adult,White Juvenile,Black Juvenile,Male Juvenile,Female Juvenile
2005,0.0,NaN,13885.839736553238,Infinity,34000.0,35894.49541284404
2006,0.0,NaN,15816.857440166494,Infinity,33847.63741562198,45762.71186440678
2007,0.0,NaN,11401.557285873192,Infinity,27481.71368861024,36504.161712247325
2008,0.0,NaN,11336.717428087986,Infinity,32961.58612143742,30641.821946169774
2009,0.0,NaN,8888.888888888889,Infinity,17332.200509770602,33800.84151472651
2010,0.0,NaN,3906.9767441860463,Infinity,7679.738562091504,13174.946004319654
2011,0.0,NaN,3420.523138832998,Infinity,6196.440342781806,14462.809917355371
