#{"white_adult"=>931.0263255719644, "white_juvenile"=>440.75144508670525, "black_adult"=>Infinity, "black_juvenile"=>Infinity, "male_juvenile"=>1616.8992045899072, "female_juvenile"=>243.07243558580458}
Year,White Adult,Black Adult,White Juvenile,Black Juvenile,Male Juvenile,Female Juvenile
2005,1180.679785330948,Infinity,439.07793633369926,Infinity,1263.157894736842,0.0
2006,671.3625357693155,Infinity,572.3204994797087,Infinity,2314.368370298939,0.0
2007,1202.327084680026,Infinity,723.0255839822024,Infinity,2821.3166144200627,356.718192627824
2008,680.8510638297872,Infinity,282.0078962210942,Infinity,2354.3990086741014,207.0393374741201
2009,1161.4095288372707,Infinity,264.55026455026456,Infinity,1274.4265080713678,280.50490883590464
2010,789.7664071190212,Infinity,558.1395348837209,Infinity,1797.3856209150326,215.98272138228944
2011,903.7456445993032,Infinity,281.69014084507046,Infinity,329.5978905735003,619.8347107438017
