#{"white_adult"=>2953.6007569869216, "white_juvenile"=>700.8670520231213, "black_adult"=>Infinity, "black_juvenile"=>Infinity, "male_juvenile"=>3559.786152040683, "female_juvenile"=>421.32555501539457}
Year,White Adult,Black Adult,White Juvenile,Black Juvenile,Male Juvenile,Female Juvenile
2005,3577.8175313059032,Infinity,823.271130625686,Infinity,5894.736842105263,229.35779816513764
2006,2575.3907109839315,Infinity,832.4661810613944,Infinity,5496.624879459981,225.98870056497177
2007,3283.7750484809308,Infinity,1112.3470522803116,Infinity,5015.673981191222,713.436385255648
2008,2638.2978723404253,Infinity,676.818950930626,Infinity,4584.882280049566,414.0786749482402
2009,3114.6891909726805,Infinity,476.19047619047626,Infinity,2548.8530161427357,420.7573632538569
2010,2558.3982202447164,Infinity,744.186046511628,Infinity,2614.3790849673205,323.97408207343415
2011,3016.114982578397,Infinity,362.1730382293763,Infinity,856.9545154911009,619.8347107438017
