#{"white_adult"=>664.053259436991, "white_juvenile"=>122.83236994219654, "black_adult"=>Infinity, "black_juvenile"=>Infinity, "male_juvenile"=>404.2248011474768, "female_juvenile"=>48.61448711716091}
Year,White Adult,Black Adult,White Juvenile,Black Juvenile,Male Juvenile,Female Juvenile
2005,524.7465712581992,Infinity,109.76948408342481,Infinity,526.3157894736842,0.0
2006,286.154523442659,Infinity,156.08740894901143,Infinity,385.7280617164899,0.0
2007,620.5559146735617,Infinity,222.4694104560623,Infinity,313.4796238244514,237.81212841854932
2008,583.5866261398176,Infinity,169.2047377326565,Infinity,743.4944237918215,103.51966873706004
2009,646.6939421934803,Infinity,52.91005291005291,Infinity,254.88530161427357,0.0
2010,823.1368186874305,Infinity,93.0232558139535,Infinity,408.49673202614383,0.0
2011,1132.4041811846691,Infinity,80.48289738430583,Infinity,329.5978905735003,0.0
