#{"white_adult"=>364.9758372478118, "white_juvenile"=>202.31213872832367, "black_adult"=>Infinity, "black_juvenile"=>Infinity, "male_juvenile"=>1030.1212674403441, "female_juvenile"=>16.20482903905364}
Year,White Adult,Black Adult,White Juvenile,Black Juvenile,Male Juvenile,Female Juvenile
2005,524.7465712581992,Infinity,329.3084522502744,Infinity,2315.789473684211,0.0
2006,396.21395553598944,Infinity,260.1456815816857,Infinity,1060.7521697203472,0.0
2007,349.0627020038785,Infinity,278.0867630700779,Infinity,835.9456635318705,0.0
2008,376.8996960486322,Infinity,282.0078962210942,Infinity,1239.1573729863694,103.51966873706004
2009,395.93506664906954,Infinity,264.55026455026456,Infinity,1019.5412064570943,0.0
2010,333.70411568409344,Infinity,46.51162790697675,Infinity,571.8954248366013,0.0
2011,195.99303135888502,Infinity,40.241448692152915,Infinity,593.2762030323006,0.0
