#{"white_adult"=>22028.657362035752, "white_juvenile"=>6336.705202312139, "black_adult"=>Infinity, "black_juvenile"=>Infinity, "male_juvenile"=>26561.481288303563, "female_juvenile"=>5315.183924809593}
Year,White Adult,Black Adult,White Juvenile,Black Juvenile,Male Juvenile,Female Juvenile
2005,19689.922480620156,Infinity,4061.4709110867184,Infinity,25052.63157894737,2293.5779816513764
2006,15518.379925159586,Infinity,4422.476586888657,Infinity,25458.052073288334,2598.870056497175
2007,20956.690368455074,Infinity,5394.883203559511,Infinity,23824.45141065831,4994.054696789536
2008,21313.06990881459,Infinity,6598.984771573604,Infinity,35439.900867410164,3830.2277432712217
2009,23320.575425630195,Infinity,5343.915343915344,Infinity,20135.938827527614,5189.340813464236
2010,24582.869855394885,Infinity,10232.558139534884,Infinity,37336.60130718954,9179.2656587473
2011,28582.317073170732,Infinity,7364.185110663984,Infinity,21555.70204350692,8677.685950413223
