#{"white_adult"=>1241.931668412693, "white_juvenile"=>1257.2254335260116, "black_adult"=>Infinity, "black_juvenile"=>Infinity, "male_juvenile"=>6715.34750293389, "female_juvenile"=>1426.0249554367201}
Year,White Adult,Black Adult,White Juvenile,Black Juvenile,Male Juvenile,Female Juvenile
2005,763.2677400119261,Infinity,933.0406147091107,Infinity,4947.368421052632,1032.1100917431193
2006,1001.5408320493066,Infinity,2081.1654526534858,Infinity,9353.90549662488,1920.90395480226
2007,1189.3988364576599,Infinity,1501.6685205784204,Infinity,8986.415882967607,1307.9667063020213
2008,1313.0699088145896,Infinity,1071.6300056401578,Infinity,8921.933085501858,1449.2753623188405
2009,1359.3770621618055,Infinity,846.5608465608466,Infinity,5607.476635514018,1122.0196353436186
2010,1245.8286985539487,Infinity,1348.8372093023256,Infinity,5473.856209150327,1403.8876889848812
2011,1796.602787456446,Infinity,1046.277665995976,Infinity,5273.566249176005,1652.892561983471
