#{"white_adult"=>0.5467173849550723, "white_juvenile"=>0.626050440402406, "black_adult"=>0.0, "black_juvenile"=>2.4860779634049326, "male_juvenile"=>1.271274552624864, "female_juvenile"=>0.0}
Year,White Adult,Black Adult,White Juvenile,Black Juvenile,Male Juvenile,Female Juvenile
2006,0.6340317827452054,0.0,0.0,0.0,0.0,0.0
2007,0.05997523022991505,0.0,0.34830098778160135,21.07037505267594,1.303899964794701,0.0
2008,0.34547405950445204,0.0,0.32952729309805084,0.0,0.6286698603095571,0.0
2009,2.3598018687328555,0.0,3.5726001058788763,0.0,6.819463990130376,0.0
2010,0.05846093406542012,0.0,0.0,0.0,0.0,0.0
2011,0.2879167667177431,0.0,0.0,0.0,0.0,0.0
