#{"white_adult"=>0.0, "white_juvenile"=>179.86910730022973, "black_adult"=>0.0, "black_juvenile"=>410.2028639618139, "male_juvenile"=>167.3542143205446, "female_juvenile"=>243.33392090613572}
Year,White Adult,Black Adult,White Juvenile,Black Juvenile,Male Juvenile,Female Juvenile
2005,0.0,0.0,249.34323069403715,464.6840148698885,176.95351883731936,416.14406392504424
2006,0.0,0.0,206.25317312574037,751.2744834987926,189.09694677612768,293.54279603200945
2007,0.0,0.0,216.29491341237443,568.9001264222503,194.9330447368078,293.93072767715284
2008,0.0,0.0,192.77346646235975,357.8732106339468,187.343618372248,239.57355906486455
2009,0.0,0.0,167.91220497630715,409.9653106275623,168.6267459377693,213.15827328721443
2010,0.0,0.0,144.70765229364818,306.3399041022909,146.00206686053497,184.74497441992662
2011,0.0,0.0,100.3820792892949,258.76568766981495,113.76773033377984,118.3903815482763
