#{"white_adult"=>0.0, "white_juvenile"=>766.8552894900283, "black_adult"=>0.0, "black_juvenile"=>972.574682141983, "male_juvenile"=>956.4098899528368, "female_juvenile"=>625.0546558451564}
Year,White Adult,Black Adult,White Juvenile,Black Juvenile,Male Juvenile,Female Juvenile
2005,0.0,0.0,858.6193189346761,1260.7385919892893,1209.2753996076287,600.1800540162048
2006,0.0,0.0,1023.7700213088845,1071.4285714285713,1275.5461592670895,804.2056979462969
2007,0.0,0.0,935.5762784177485,1603.0259365994236,1153.6915449551118,825.3358925143954
2008,0.0,0.0,1104.5548353341278,1265.3651482284888,1305.8305970054641,942.7069155718563
2009,0.0,0.0,837.0690132270739,836.8547518435661,1011.8973074514715,691.6674265021949
2010,0.0,0.0,333.3162776758499,653.1145399624459,472.2937818861444,246.1785080437396
2011,0.0,0.0,309.9075393779922,230.90586145648314,365.38801931878527,263.84076774764065
