#{"white_adult"=>0.0, "white_juvenile"=>4.097370781864606, "black_adult"=>0.0, "black_juvenile"=>10.305427095544191, "male_juvenile"=>2.6678100138154446, "female_juvenile"=>6.87102053394076}
Year,White Adult,Black Adult,White Juvenile,Black Juvenile,Male Juvenile,Female Juvenile
2005,0.0,0.0,3.5334128351221237,22.313957380341403,1.6080789888399318,10.00300090027008
2006,0.0,0.0,14.939808298670357,27.47252747252747,8.456659619450317,23.828316976186574
2007,0.0,0.0,5.333089534954593,9.005763688760807,5.359774889454643,5.905802450908017
2008,0.0,0.0,2.9067232508792835,0.0,1.26779669612181,4.298055846072294
2009,0.0,0.0,0.6917925729149371,8.285690612312537,0.0,2.6051503823058186
2010,0.0,0.0,1.4619134985782891,0.0,1.2628175986260544,1.4312703956031374
2011,0.0,0.0,0.7309140079669627,8.880994671403197,1.2643184059473538,1.4496745480639597
