#{"white_adult"=>2.5429903576439528, "white_juvenile"=>0.0, "black_adult"=>14.843239573536694, "black_juvenile"=>8.679156385999281, "male_juvenile"=>11.42969107177846, "female_juvenile"=>0.0}
Year,White Adult,Black Adult,White Juvenile,Black Juvenile,Male Juvenile,Female Juvenile
2005,7.440722246106022,25.998336106489184,0.0,3.964006818091727,5.205080158234437,0.0
2006,7.022910294025844,15.329586101175268,0.0,7.306469879077923,9.201748332183115,0.0
2007,1.510060779946393,24.409130698269475,0.0,17.16664520836016,22.914757103574704,0.0
2008,0.7405487466212464,24.940765681506424,0.0,20.496003279360526,25.758590489928395,0.0
2009,1.426889737095566,5.665447246592638,0.0,0.0,0.0,0.0
2010,0.0,5.2475533282606985,0.0,9.588647041902387,13.157894736842104,0.0
2011,0.0,1.7837553401175494,0.0,0.0,0.0,0.0
