#{"white_adult"=>109.68027977316527, "white_juvenile"=>0.0, "black_adult"=>539.4665923693582, "black_juvenile"=>1.8598192255712744, "male_juvenile"=>2.4492195153810985, "female_juvenile"=>0.0}
Year,White Adult,Black Adult,White Juvenile,Black Juvenile,Male Juvenile,Female Juvenile
2005,281.92069843579486,1364.9126455906821,0.0,0.0,0.0,0.0
2006,214.58892565078966,1058.593084653381,0.0,0.0,0.0,0.0
2007,189.5126278832723,751.632886674298,0.0,4.29166130209004,5.728689275893676,0.0
2008,65.16828970266967,430.64388743401094,0.0,0.0,0.0,0.0
2009,26.39746013626797,165.9166693644987,0.0,9.361542782250515,12.269185939512914,0.0
