#{"white_adult"=>0.6633887889505963, "white_juvenile"=>0.0, "black_adult"=>2.068320268443638, "black_juvenile"=>0.0, "male_juvenile"=>0.0, "female_juvenile"=>0.0}
Year,White Adult,Black Adult,White Juvenile,Black Juvenile,Male Juvenile,Female Juvenile
2005,0.8267469162340024,0.8666112035496396,0.0,0.0,0.0,0.0
2006,0.0,2.5549310168625445,0.0,0.0,0.0,0.0
2008,0.0,9.144947416552355,0.0,0.0,0.0,0.0
2009,0.0,1.6186992133121823,0.0,0.0,0.0,0.0
2011,4.060353088304559,0.0,0.0,0.0,0.0,0.0
