#{"white_adult"=>41.13010491493697, "white_juvenile"=>0.0, "black_adult"=>107.55265395906916, "black_juvenile"=>1.2398794837141829, "male_juvenile"=>1.6328130102540657, "female_juvenile"=>0.0}
Year,White Adult,Black Adult,White Juvenile,Black Juvenile,Male Juvenile,Female Juvenile
2005,150.46793875458843,356.1772046589018,0.0,0.0,0.0,0.0
2006,54.62263562020101,172.88366547436553,0.0,0.0,0.0,0.0
2007,32.466306768847446,117.83718268130092,0.0,0.0,0.0,0.0
2008,17.77316991890991,69.00278505216777,0.0,4.099200655872105,5.151718097985678,0.0
2009,23.543680662076838,22.661788986370553,0.0,0.0,0.0,0.0
2010,10.437407669086005,6.996737771014265,0.0,0.0,0.0,0.0
2011,5.6844943236263825,9.810654370646523,0.0,5.322546306152864,7.5912852045851364,0.0
