#{"white_adult"=>1.658471972376491, "white_juvenile"=>0.0, "black_adult"=>8.394946971918294, "black_juvenile"=>1.8598192255712744, "male_juvenile"=>2.4492195153810985, "female_juvenile"=>0.0}
Year,White Adult,Black Adult,White Juvenile,Black Juvenile,Male Juvenile,Female Juvenile
2005,1.6534938324680049,5.199667221297837,0.0,0.0,0.0,0.0
2006,1.560646732005743,3.4065746891500597,0.0,0.0,0.0,0.0
2007,2.2650911699195895,6.733553296074339,0.0,0.0,0.0,0.0
2008,1.4810974932424927,3.325435424200856,0.0,0.0,0.0,0.0
2009,2.140334605643349,2.4280488199682733,0.0,4.6807713911252575,6.134592969756457,0.0
2010,0.0,13.99347554202853,0.0,4.794323520951194,6.578947368421052,0.0
2011,2.4362118529827352,24.972574761645692,0.0,5.322546306152864,7.5912852045851364,0.0
