#{"white_adult"=>15.700201338497447, "white_juvenile"=>0.0, "black_adult"=>68.37623475678379, "black_juvenile"=>1.8598192255712744, "male_juvenile"=>2.4492195153810985, "female_juvenile"=>0.0}
Year,White Adult,Black Adult,White Juvenile,Black Juvenile,Male Juvenile,Female Juvenile
2005,27.28264823572208,131.7249029395452,0.0,7.928013636183454,10.410160316468874,0.0
2006,8.583557026031588,95.38409129620167,0.0,0.0,0.0,0.0
2007,9.815395069651554,81.64433371490135,0.0,4.29166130209004,5.728689275893676,0.0
2008,10.36768245269745,49.88153136301285,0.0,0.0,0.0,0.0
2009,16.40923197659901,29.13658583961928,0.0,0.0,0.0,0.0
2010,12.846040208105853,33.234504412317754,0.0,0.0,0.0,0.0
2011,25.98625976514918,59.7558038939379,0.0,0.0,0.0,0.0
