#{"white_adult"=>0.0, "white_juvenile"=>520.5868737221535, "black_adult"=>0.0, "black_juvenile"=>730.0489735908949, "male_juvenile"=>733.7470477002923, "female_juvenile"=>350.26155058799924}
Year,White Adult,Black Adult,White Juvenile,Black Juvenile,Male Juvenile,Female Juvenile
2005,0.0,0.0,560.7573735110019,756.6868609468164,781.6730563235301,385.7083962365189
2006,0.0,0.0,690.8303549415587,976.7745437626015,958.6078877640412,481.9075526479588
2007,0.0,0.0,738.9690798552833,1161.1087475864776,1052.148446037505,517.9065833641565
2008,0.0,0.0,623.8256478111174,782.7425732180973,851.6611273204543,429.91612976926535
2009,0.0,0.0,401.8472138392651,501.28456409025273,572.6568917005994,250.21552960672648
2010,0.0,0.0,355.43449241329114,460.81593474287354,517.82325675031,213.60633459457804
2011,0.0,0.0,293.4606805797046,374.04754676531326,419.71162651537287,181.6513501607432
