#{"white_adult"=>0.9407527737680498, "white_juvenile"=>0.0, "black_adult"=>0.8974643845901034, "black_juvenile"=>0.0, "male_juvenile"=>0.0, "female_juvenile"=>0.0}
Year,White Adult,Black Adult,White Juvenile,Black Juvenile,Male Juvenile,Female Juvenile
2005,2.095416904147249,3.457360374501276,0.0,0.0,0.0,0.0
2006,0.6114774313871365,0.4462323487216559,0.0,0.0,0.0,0.0
2007,0.5934964657285466,1.116527510121322,0.0,0.0,0.0,0.0
2008,3.589812113222674,0.0,0.0,0.0,0.0,0.0
2009,0.0,0.4178130411984549,0.0,0.0,0.0,0.0
2010,0.0,1.0289230262684048,0.0,0.0,0.0,0.0
