#{"white_adult"=>0.0, "white_juvenile"=>405.1863857374392, "black_adult"=>0.0, "black_juvenile"=>3159.400460227626, "male_juvenile"=>1009.8317216419056, "female_juvenile"=>582.6501555101471}
Year,White Adult,Black Adult,White Juvenile,Black Juvenile,Male Juvenile,Female Juvenile
2005,0.0,0.0,676.8749435937547,12023.084321898044,2127.659574468085,1237.6237623762377
2006,0.0,0.0,589.96138996139,4364.224137931034,1531.0316481709824,811.7322365928893
2007,0.0,0.0,605.1297803716787,4109.58904109589,1217.0600063498782,835.2747315188362
2008,0.0,0.0,272.0348204570185,1187.6006441223833,524.0068242749207,338.34966165033836
2009,0.0,0.0,349.9964646821749,1955.0342130987292,839.9674042499843,412.6547455295736
2010,0.0,0.0,187.1042026482441,1251.6763522574877,424.11219181180724,281.16856398299274
2011,0.0,0.0,57.16940007860793,422.3652453740949,140.380859375,108.59728506787332
