#{"white_adult"=>3.3863017322327718, "white_juvenile"=>0.0, "black_adult"=>11.23223201298446, "black_juvenile"=>3.1096461222712857, "male_juvenile"=>0.8078653773135244, "female_juvenile"=>0.0}
Year,White Adult,Black Adult,White Juvenile,Black Juvenile,Male Juvenile,Female Juvenile
2005,6.9992209562761705,21.977055953584458,0.0,0.0,0.0,0.0
2006,3.799947385343895,12.513034410844629,0.0,17.95977011494253,5.137690094533498,0.0
2007,3.6801132342533616,8.316008316008316,0.0,0.0,0.0,0.0
2008,2.21493140634301,15.662933667475917,0.0,0.0,0.0,0.0
2009,2.9909998096636485,11.327166320558806,0.0,0.0,0.0,0.0
2010,2.4043020978871525,7.242702976750923,0.0,0.0,0.0,0.0
2011,2.0895311875589315,3.6171598061202346,0.0,0.0,0.0,0.0
