#{"white_adult"=>0.1991942195431042, "white_juvenile"=>0.0, "black_adult"=>0.0, "black_juvenile"=>0.0, "male_juvenile"=>0.0, "female_juvenile"=>0.0}
Year,White Adult,Black Adult,White Juvenile,Black Juvenile,Male Juvenile,Female Juvenile
2005,0.3043139546207031,0.0,0.0,0.0,0.0,0.0
2006,0.2923036450264535,0.0,0.0,0.0,0.0,0.0
2009,0.27190907360578626,0.0,0.0,0.0,0.0,0.0
2010,0.26714467754301696,0.0,0.0,0.0,0.0,0.0
2011,0.26119139844486644,0.0,0.0,0.0,0.0,0.0
