#{"white_adult"=>0.0, "white_juvenile"=>664.6930420363309, "black_adult"=>0.0, "black_juvenile"=>2369.5503451707195, "male_juvenile"=>864.4159537254711, "female_juvenile"=>997.8909705638576}
Year,White Adult,Black Adult,White Juvenile,Black Juvenile,Male Juvenile,Female Juvenile
2005,0.0,0.0,902.4999247916729,6284.065405578711,1285.0221192331999,1606.032696292885
2006,0.0,0.0,722.7799227799228,2280.8908045977014,960.7480476777641,1060.6634558147086
2007,0.0,0.0,641.9904776532022,2968.036529680365,820.192612974918,1108.0175009943746
2008,0.0,0.0,585.6749663956987,2033.011272141707,859.1274677065561,787.7992122007878
2009,0.0,0.0,717.6695184897122,1876.83284457478,946.5304331473703,905.5479138010088
2010,0.0,0.0,564.9107656879678,1519.8927134555208,554.1732639674282,898.367850774928
2011,0.0,0.0,475.22063815342835,1146.4199517296863,573.73046875,609.3514328808446
