#{"white_adult"=>0.8366157220810378, "white_juvenile"=>0.0, "black_adult"=>2.246446402596892, "black_juvenile"=>0.0, "male_juvenile"=>0.0, "female_juvenile"=>0.0}
Year,White Adult,Black Adult,White Juvenile,Black Juvenile,Male Juvenile,Female Juvenile
2005,0.3043139546207031,0.0,0.0,0.0,0.0,0.0
2006,1.169214580105814,4.1710114702815435,0.0,0.0,0.0,0.0
2007,0.8492569002123141,0.0,0.0,0.0,0.0,0.0
2008,0.8305992773786286,3.9157334168689792,0.0,0.0,0.0,0.0
2009,0.8157272208173587,0.0,0.0,0.0,0.0,0.0
2010,0.26714467754301696,3.6213514883754616,0.0,0.0,0.0,0.0
2011,1.5671483906691985,3.6171598061202346,0.0,0.0,0.0,0.0
