#{"white_adult"=>0.0, "white_juvenile"=>659.6176669641893, "black_adult"=>0.0, "black_juvenile"=>646.5232557570657, "male_juvenile"=>876.304081376608, "female_juvenile"=>441.6615233506547}
Year,White Adult,Black Adult,White Juvenile,Black Juvenile,Male Juvenile,Female Juvenile
2005,0.0,0.0,867.9495925035005,837.7914605834258,1144.9484605311754,569.2902275933991
2006,0.0,0.0,480.05942708575145,561.9205194643024,681.0997793284428,366.21704615244636
2007,0.0,0.0,201.75174835349233,157.4235020169886,234.7113286548328,132.41859409286957
2008,0.0,0.0,993.250096177386,828.7584459459459,1223.945983786103,646.1918245843317
2009,0.0,0.0,776.6163603265019,845.065689996976,1075.9823187725226,530.6911254946472
2010,0.0,0.0,631.1650116484642,728.9023270881702,899.3816750983699,432.35720234088916
2011,0.0,0.0,599.4908433932824,591.6595094951808,812.3725356900069,394.62196612537105
