#{"white_adult"=>0.0, "white_juvenile"=>1020.3230900512981, "black_adult"=>0.0, "black_juvenile"=>1603.4657364689997, "male_juvenile"=>932.9228472805298, "female_juvenile"=>1529.7217300124103}
Year,White Adult,Black Adult,White Juvenile,Black Juvenile,Male Juvenile,Female Juvenile
2005,0.0,0.0,210.03123541449756,321.3216244406312,185.78831324357296,320.22575302128706
2006,0.0,0.0,215.4231858489252,351.20032466518904,238.56384564919188,300.2524850442417
2007,0.0,0.0,1727.499345276778,2284.2806073923452,1417.7036032317037,2527.3034529724823
2008,0.0,0.0,1873.7103486867416,2984.2342342342345,1669.941060903733,2905.4430165299254
2009,0.0,0.0,1336.6903517528922,2320.1505325761905,1275.0492563063385,2033.8047179361329
2010,0.0,0.0,955.8349718288915,1657.5778845634686,930.8600337268128,1446.5143339531594
2011,0.0,0.0,783.4441980783445,1427.6171390399847,765.9188760480399,1202.4911239159537
