#{"white_adult"=>0.39305098952224327, "white_juvenile"=>0.0, "black_adult"=>1.4308215658195806, "black_juvenile"=>0.0, "male_juvenile"=>0.0, "female_juvenile"=>0.0}
Year,White Adult,Black Adult,White Juvenile,Black Juvenile,Male Juvenile,Female Juvenile
2005,0.0,0.309381052266835,0.0,0.0,0.0,0.0
2006,0.244722258590669,0.0,0.0,0.0,0.0,0.0
2007,0.7373299072070312,3.322627090486211,0.0,0.0,0.0,0.0
2008,0.8417670373648363,0.8565408313014281,0.0,0.0,0.0,0.0
2009,0.19863872879159122,1.3282682039157347,0.0,0.0,0.0,0.0
2010,0.4494351723471527,3.514871964029341,0.0,0.0,0.0,0.0
2011,0.32259625465748343,0.5439024456573469,0.0,0.0,0.0,0.0
