#{"white_adult"=>0.0, "white_juvenile"=>556.8680661292153, "black_adult"=>0.0, "black_juvenile"=>1388.7267085925903, "male_juvenile"=>944.8708525877897, "female_juvenile"=>431.9660707466801}
Year,White Adult,Black Adult,White Juvenile,Black Juvenile,Male Juvenile,Female Juvenile
2005,0.0,0.0,640.5285523744533,1394.2921166474744,1049.6788856204912,499.5749780521453
2006,0.0,0.0,589.2810699691108,1500.0,972.1206609437313,464.96765442404
2007,0.0,0.0,568.3428498010422,1474.6823231070316,987.9987400926932,456.16859661072925
2008,0.0,0.0,587.6134692142457,1552.505744271254,1029.7812205589867,451.85598468098004
2009,0.0,0.0,490.46556500555147,1218.6521481565067,829.183266932271,367.04198124297915
2010,0.0,0.0,533.1402619627461,1365.4404359931282,934.3991912957889,403.02373675703524
2011,0.0,0.0,493.06386562070645,1223.9229188970228,820.7881621538304,384.3248915535415
