#{"white_adult"=>0.0, "white_juvenile"=>690.3160168984331, "black_adult"=>0.0, "black_juvenile"=>1970.9076350776518, "male_juvenile"=>794.2780258968019, "female_juvenile"=>1044.2006834697625}
Year,White Adult,Black Adult,White Juvenile,Black Juvenile,Male Juvenile,Female Juvenile
2005,0.0,0.0,973.9756195911784,2508.4809062898757,1026.474020788829,1487.576817491395
2006,0.0,0.0,755.6621217681283,2257.062146892655,838.1621880703221,1202.5250417362272
2007,0.0,0.0,805.278333062514,1948.7857989470492,878.0782556711899,1213.0094054671429
2008,0.0,0.0,677.5235967060541,2195.2431223995527,780.5139746676437,1061.4482810874852
2009,0.0,0.0,624.8495366627501,1963.3840164743715,751.3695219123506,943.0758379268007
2010,0.0,0.0,544.3683430062606,1697.1743380131506,729.5629272964273,768.6389655488816
2011,0.0,0.0,459.08493255920456,1267.3244408437256,566.4594358526434,640.3186888839873
