#{"white_adult"=>9.473004657694991, "white_juvenile"=>0.0, "black_adult"=>86.42903648818421, "black_juvenile"=>0.0, "male_juvenile"=>0.3688740396594924, "female_juvenile"=>0.09691857095505498}
Year,White Adult,Black Adult,White Juvenile,Black Juvenile,Male Juvenile,Female Juvenile
2005,32.39097134952027,407.1884888650069,0.0,0.0,2.72998409784263,0.6967572915650562
2007,0.09500546756465834,0.0,0.0,0.0,0.0,0.0
2009,0.13896860282356407,0.0,0.0,0.0,0.0,0.0
2010,30.253020236830036,197.14573934772923,0.0,0.0,0.0,0.0
2011,4.152399448050288,31.84982806069383,0.0,0.0,0.0,0.0
