#{"white_adult"=>0.0, "white_juvenile"=>399.9846455030517, "black_adult"=>0.0, "black_juvenile"=>1048.0054090601757, "male_juvenile"=>558.459785516233, "female_juvenile"=>444.35194338935423}
Year,White Adult,Black Adult,White Juvenile,Black Juvenile,Male Juvenile,Female Juvenile
2005,0.0,0.0,443.1686558896107,761.4213197969543,684.205124696384,446.5433050629658
2006,0.0,0.0,352.10046137301833,167.57436112274823,430.29259896729775,407.19869114706415
2007,0.0,0.0,428.0701754385965,795.4545454545454,660.6939015531495,459.07976942459703
2008,0.0,0.0,419.5127198408003,Infinity,554.8369528218394,439.37729631453357
2009,0.0,0.0,487.31520350428906,2515.723270440252,682.5690738118578,507.89044077634685
2010,0.0,0.0,377.47777901744206,3364.4859813084113,537.3996574077185,440.09779951100245
2011,0.0,0.0,283.5629298948135,1289.6825396825395,368.7179676265624,406.44171779141107
