#{"white_adult"=>1.198295102598641, "white_juvenile"=>0.25590828247156217, "black_adult"=>22.877312242630236, "black_juvenile"=>0.0, "male_juvenile"=>0.978038153268359, "female_juvenile"=>0.0}
Year,White Adult,Black Adult,White Juvenile,Black Juvenile,Male Juvenile,Female Juvenile
2005,1.1286401466329279,0.0,0.0,0.0,0.0,0.0
2006,0.8845389230296342,44.19889502762431,0.0,0.0,0.0,0.0
2007,1.7426877909471725,105.20778537611783,1.7543859649122806,0.0,6.91826074924764,0.0
2008,0.0,0.0,0.0,NaN,0.0,0.0
2009,1.7283433181167107,0.0,0.0,0.0,0.0,0.0
2010,1.6601367952719304,0.0,0.0,0.0,0.0,0.0
2011,1.2285263826040664,82.71298593879239,0.0,0.0,0.0,0.0
