#{"white_adult"=>0.8295889171836747, "white_juvenile"=>0.0, "black_adult"=>22.877312242630236, "black_juvenile"=>0.0, "male_juvenile"=>0.0, "female_juvenile"=>0.0}
Year,White Adult,Black Adult,White Juvenile,Black Juvenile,Male Juvenile,Female Juvenile
2005,0.22572802932658556,0.0,0.0,0.0,0.0,0.0
2006,0.4422694615148171,0.0,0.0,0.0,0.0,0.0
2007,1.0891798693419827,52.60389268805891,0.0,0.0,0.0,0.0
2008,0.42809135469509196,0.0,0.0,NaN,0.0,0.0
2009,0.8641716590583554,0.0,0.0,0.0,0.0,0.0
2010,0.6225512982269739,14.929829799940281,0.0,0.0,0.0,0.0
2011,2.0475439710067773,137.85497656465398,0.0,0.0,0.0,0.0
