#{"white_adult"=>0.0, "white_juvenile"=>276.4012128107534, "black_adult"=>0.0, "black_juvenile"=>571.5065213230773, "male_juvenile"=>321.60200303071684, "female_juvenile"=>371.4967707957586}
Year,White Adult,Black Adult,White Juvenile,Black Juvenile,Male Juvenile,Female Juvenile
2005,0.0,0.0,342.0767312380505,790.1409281207618,403.7407287971622,493.25913721101335
2006,0.0,0.0,330.9465936992544,634.1090933235948,367.78562657296743,450.4240815901759
2007,0.0,0.0,300.7368884531989,581.1209647312404,344.75294796708687,392.22508139901277
2008,0.0,0.0,285.88452795383404,690.9024866435609,360.4558872893027,390.19117390201063
2009,0.0,0.0,243.16342113003503,559.9112318047099,292.0078147137339,339.1536255220651
2010,0.0,0.0,220.389144260437,361.15624615972797,247.29206210443746,264.79244800125997
2011,0.0,0.0,217.9028153443564,399.3760201060188,244.0952484400835,275.98686458743543
