#{"white_adult"=>0.0, "white_juvenile"=>7.744867298851736, "black_adult"=>0.0, "black_juvenile"=>26.721188335635535, "male_juvenile"=>22.312290937521897, "female_juvenile"=>6.713384940328336}
Year,White Adult,Black Adult,White Juvenile,Black Juvenile,Male Juvenile,Female Juvenile
2005,0.0,0.0,6.091465140694929,17.073386123458242,16.688332220777852,4.0681643538398955
2006,0.0,0.0,4.211634640694919,22.567443108695787,16.729222520107236,4.634929757639523
2007,0.0,0.0,6.7776392127094285,17.29046834115247,17.16274140468457,4.245725615736357
2008,0.0,0.0,9.795484281746115,18.36457351338777,20.732102364755427,5.0533124463085555
2009,0.0,0.0,8.211051390917893,30.457046047246493,23.954077855108316,7.717380448697579
2010,0.0,0.0,10.120433154539015,53.74674533597688,35.271295044383045,15.948398072015879
2011,0.0,0.0,8.858844534092922,28.07191633263262,25.242909523422423,5.165750137361992
