#{"white_adult"=>0.0, "white_juvenile"=>113.45983940992991, "black_adult"=>0.0, "black_juvenile"=>111.93305602484462, "male_juvenile"=>97.36272409100464, "female_juvenile"=>130.7819027798578}
Year,White Adult,Black Adult,White Juvenile,Black Juvenile,Male Juvenile,Female Juvenile
2005,0.0,0.0,164.11123731989866,140.11951370286423,123.40582510627833,188.49161506124847
2006,0.0,0.0,104.5889269105905,123.81597165041201,81.50134048257372,146.46378034140895
2007,0.0,0.0,124.03079759258256,96.25027376574873,102.11831135787318,126.52262334894345
2008,0.0,0.0,140.28532846357828,127.32770969282191,123.52877659000107,151.59937338925664
2009,0.0,0.0,88.95305673494384,116.75200984777821,92.76761060251039,107.13539917015461
2010,0.0,0.0,102.89107040447998,99.73007190120153,95.31647589374941,108.98072015877516
2011,0.0,0.0,72.23365543183459,77.68739636240191,63.749042694744766,85.93929773974952
