#{"white_adult"=>24.77491024849598, "white_juvenile"=>0.0, "black_adult"=>66.7195958770294, "black_juvenile"=>0.0, "male_juvenile"=>0.0, "female_juvenile"=>0.0}
Year,White Adult,Black Adult,White Juvenile,Black Juvenile,Male Juvenile,Female Juvenile
2005,22.335475129309426,60.35402878200511,0.0,0.0,0.0,0.0
2006,25.767142161004323,64.11242467351505,0.0,0.0,0.0,0.0
2007,35.470643850228754,66.35604184543155,0.0,0.0,0.0,0.0
2008,36.072117264722145,69.32064686313275,0.0,0.0,0.0,0.0
2009,23.69088235926458,71.0754116540126,0.0,0.0,0.0,0.0
2010,14.896270006461815,63.785461553708416,0.0,0.0,0.0,0.0
2011,16.04076847743759,71.12649181057476,0.0,0.0,0.0,0.0
