#{"white_adult"=>1.2743764316822725, "white_juvenile"=>0.0, "black_adult"=>11.659102419142304, "black_juvenile"=>0.0, "male_juvenile"=>0.0, "female_juvenile"=>0.0}
Year,White Adult,Black Adult,White Juvenile,Black Juvenile,Male Juvenile,Female Juvenile
2005,0.0,10.264657074914888,0.0,0.0,0.0,0.0
2006,2.3008605218351663,16.17007514829661,0.0,0.0,0.0,0.0
2007,0.0,9.505374857419378,0.0,0.0,0.0,0.0
2008,4.4447407604951445,26.70779092107417,0.0,0.0,0.0,0.0
2009,1.986847072380839,18.950629490475247,0.0,0.0,0.0,0.0
