#{"white_adult"=>4.778911618808522, "white_juvenile"=>0.0, "black_adult"=>7.044041044898474, "black_juvenile"=>0.0, "male_juvenile"=>0.0, "female_juvenile"=>0.0}
Year,White Adult,Black Adult,White Juvenile,Black Juvenile,Male Juvenile,Female Juvenile
2005,4.58473740916489,5.132328537457444,0.0,0.0,0.0,0.0
2006,6.9025815655055,11.063735627781892,0.0,0.0,0.0,0.0
2007,2.3162088293880574,9.505374857419378,0.0,0.0,0.0,0.0
2008,11.111851901237861,10.33849971138355,0.0,0.0,0.0,0.0
2009,7.947388289523356,13.183046602069739,0.0,0.0,0.0,0.0
