#{"white_adult"=>6.690476266331931, "white_juvenile"=>0.0, "black_adult"=>5.22230629190749, "black_juvenile"=>0.0, "male_juvenile"=>0.0, "female_juvenile"=>0.0}
Year,White Adult,Black Adult,White Juvenile,Black Juvenile,Male Juvenile,Female Juvenile
2005,11.461843522912226,10.264657074914888,0.0,0.0,0.0,0.0
2006,9.203442087340665,6.808452694019625,0.0,0.0,0.0,0.0
2007,2.3162088293880574,5.184749922228751,0.0,0.0,0.0,0.0
2008,8.889481520990289,6.892333140922366,0.0,0.0,0.0,0.0
2009,13.907929506665873,7.415463713664228,0.0,0.0,0.0,0.0
