#{"white_adult"=>0.6371882158411363, "white_juvenile"=>0.0, "black_adult"=>0.728693901196394, "black_juvenile"=>0.0, "male_juvenile"=>0.0, "female_juvenile"=>0.0}
Year,White Adult,Black Adult,White Juvenile,Black Juvenile,Male Juvenile,Female Juvenile
2005,0.0,1.7107761791524814,0.0,0.0,0.0,0.0
2007,0.0,1.7282499740762503,0.0,0.0,0.0,0.0
2008,2.2223703802475723,1.7230832852305915,0.0,0.0,0.0,0.0
2009,1.986847072380839,0.0,0.0,0.0,0.0,0.0
