#{"white_adult"=>4.778911618808522, "white_juvenile"=>0.0, "black_adult"=>5.586653242505687, "black_juvenile"=>0.0, "male_juvenile"=>0.0, "female_juvenile"=>0.0}
Year,White Adult,Black Adult,White Juvenile,Black Juvenile,Male Juvenile,Female Juvenile
2005,9.16947481832978,3.4215523583049627,0.0,0.0,0.0,0.0
2006,4.601721043670333,6.808452694019625,0.0,0.0,0.0,0.0
2007,2.3162088293880574,4.320624935190626,0.0,0.0,0.0,0.0
2008,11.111851901237861,12.06158299661414,0.0,0.0,0.0,0.0
2009,5.9605412171425165,12.359106189440379,0.0,0.0,0.0,0.0
