#{"white_adult"=>86.02040913855339, "white_juvenile"=>0.0, "black_adult"=>34.005715389165054, "black_juvenile"=>0.0, "male_juvenile"=>0.0, "female_juvenile"=>0.0}
Year,White Adult,Black Adult,White Juvenile,Black Juvenile,Male Juvenile,Female Juvenile
2005,52.72448020539624,14.541597522796092,0.0,0.0,0.0,0.0
2006,119.64474713542866,45.95705568463247,0.0,0.0,0.0,0.0
2007,104.2293973224626,38.02149942967751,0.0,0.0,0.0,0.0
2008,135.56459319510188,47.38479034384127,0.0,0.0,0.0,0.0
2009,176.82938944189468,90.63344538922945,0.0,0.0,0.0,0.0
