#{"white_adult"=>12.106576100981588, "white_juvenile"=>0.0, "black_adult"=>14.938224974526076, "black_juvenile"=>3.728449561534332, "male_juvenile"=>6.533044137246191, "female_juvenile"=>0.0}
Year,White Adult,Black Adult,White Juvenile,Black Juvenile,Male Juvenile,Female Juvenile
2005,43.55500538706645,28.227806956015947,0.0,8.345852111500584,14.236902050113894,0.0
2006,6.9025815655055,17.872188321801517,0.0,9.642736608649535,17.319016279875303,0.0
2007,11.581044146940288,29.380249559296256,0.0,0.0,0.0,0.0
2008,4.4447407604951445,10.33849971138355,0.0,6.411078343377357,10.711225364181663,0.0
2009,17.88162365142755,18.950629490475247,0.0,0.0,0.0,0.0
