#{"white_adult"=>6.3718821584113625, "white_juvenile"=>0.0, "black_adult"=>6.801143077833011, "black_juvenile"=>0.0, "male_juvenile"=>0.0, "female_juvenile"=>0.0}
Year,White Adult,Black Adult,White Juvenile,Black Juvenile,Male Juvenile,Female Juvenile
2005,11.461843522912226,9.409268985338649,0.0,0.0,0.0,0.0
2006,6.9025815655055,11.063735627781892,0.0,0.0,0.0,0.0
2007,6.948626488164173,14.690124779648128,0.0,0.0,0.0,0.0
2008,2.2223703802475723,2.5846249278458875,0.0,0.0,0.0,0.0
2009,15.894776579046711,9.887284951552305,0.0,0.0,0.0,0.0
