#{"white_adult"=>4.778911618808522, "white_juvenile"=>0.0, "black_adult"=>6.193898160169349, "black_juvenile"=>2.2370697369205987, "male_juvenile"=>3.9198264823477147, "female_juvenile"=>0.0}
Year,White Adult,Black Adult,White Juvenile,Black Juvenile,Male Juvenile,Female Juvenile
2005,32.093161864154226,16.252373701948574,0.0,0.0,0.0,0.0
2006,0.0,6.808452694019625,0.0,9.642736608649535,17.319016279875303,0.0
2007,0.0,12.097749818533753,0.0,0.0,0.0,0.0
2008,2.2223703802475723,6.03079149830707,0.0,6.411078343377357,10.711225364181663,0.0
2009,0.0,2.471821237888076,0.0,0.0,0.0,0.0
