#{"white_adult"=>1.5929705396028406, "white_juvenile"=>0.0, "black_adult"=>0.364346950598197, "black_juvenile"=>0.0, "male_juvenile"=>0.0, "female_juvenile"=>0.0}
Year,White Adult,Black Adult,White Juvenile,Black Juvenile,Male Juvenile,Female Juvenile
2005,0.0,0.8553880895762407,0.0,0.0,0.0,0.0
2006,4.601721043670333,1.7021131735049062,0.0,0.0,0.0,0.0
2007,4.632417658776115,0.0,0.0,0.0,0.0,0.0
2008,2.2223703802475723,0.0,0.0,0.0,0.0,0.0
