#{"white_adult"=>10.832199669299316, "white_juvenile"=>0.0, "black_adult"=>17.124306678115257, "black_juvenile"=>5.965519298454931, "male_juvenile"=>10.452870619593906, "female_juvenile"=>0.0}
Year,White Adult,Black Adult,White Juvenile,Black Juvenile,Male Juvenile,Female Juvenile
2005,16.046580932077113,21.384702239406018,0.0,12.518778167250876,21.355353075170843,0.0
2006,13.805163131011,23.82958442906869,0.0,4.821368304324768,8.659508139937651,0.0
2007,13.897252976328346,19.010749714838756,0.0,5.28429507503699,8.73743993010048,0.0
2008,13.334222281485433,36.184748989842426,0.0,19.233235030132068,32.13367609254499,0.0
2009,17.88162365142755,19.77456990310461,0.0,0.0,0.0,0.0
