#{"white_adult"=>0.31859410792056814, "white_juvenile"=>0.0, "black_adult"=>1.3359388188600556, "black_juvenile"=>0.0, "male_juvenile"=>0.0, "female_juvenile"=>0.0}
Year,White Adult,Black Adult,White Juvenile,Black Juvenile,Male Juvenile,Female Juvenile
2005,0.0,1.7107761791524814,0.0,0.0,0.0,0.0
2006,2.3008605218351663,1.7021131735049062,0.0,0.0,0.0,0.0
2007,0.0,0.8641249870381251,0.0,0.0,0.0,0.0
2008,0.0,1.7230832852305915,0.0,0.0,0.0,0.0
2009,0.0,3.2957616505174347,0.0,0.0,0.0,0.0
