#{"white_adult"=>0.0, "white_juvenile"=>171.30464891658923, "black_adult"=>0.0, "black_juvenile"=>337.7481220105552, "male_juvenile"=>528.2164005024224, "female_juvenile"=>124.21376084748303}
Year,White Adult,Black Adult,White Juvenile,Black Juvenile,Male Juvenile,Female Juvenile
2005,0.0,0.0,589.8914063547392,937.1761426580423,1443.6861785073527,401.66019547462844
2006,0.0,0.0,429.88437592647495,485.8106621690988,805.5770720371804,171.43747727154656
2007,0.0,0.0,66.03275224511358,303.97863179716154,470.2794334773336,98.02627858314324
2008,0.0,0.0,106.45375914836993,143.57889282321446,234.99890466612234,46.06080025633837
2009,0.0,0.0,7.819219641879741,108.82437666037194,161.90978236312975,31.834013707351787
2010,0.0,0.0,76.36502481863307,72.34338995766572,130.25633463589668,12.757380144413544
2011,0.0,0.0,39.714058776806986,54.90508283804373,99.85271724206794,7.43531277882423
