#{"white_adult"=>0.9602753301426585, "white_juvenile"=>0.0, "black_adult"=>0.8599363339992722, "black_juvenile"=>0.0, "male_juvenile"=>0.0, "female_juvenile"=>0.0}
Year,White Adult,Black Adult,White Juvenile,Black Juvenile,Male Juvenile,Female Juvenile
2005,0.0,2.5494324326046915,0.0,0.0,0.0,0.0
2006,3.0305326161072808,1.0361599084863569,0.0,0.0,0.0,0.0
2007,1.49678191887442,0.8472763243458498,0.0,0.0,0.0,0.0
2008,1.5130653190298227,0.21480708175987148,0.0,0.0,0.0,0.0
2009,0.0,0.5943430429175112,0.0,0.0,0.0,0.0
2010,0.0,0.6935149417794206,0.0,0.0,0.0,0.0
2011,1.4518002322880372,0.0,0.0,0.0,0.0,0.0
