#{"white_adult"=>1.344385462199722, "white_juvenile"=>0.0, "black_adult"=>1.4127525487130899, "black_juvenile"=>0.15262002802103714, "male_juvenile"=>0.280369639332496, "female_juvenile"=>0.0}
Year,White Adult,Black Adult,White Juvenile,Black Juvenile,Male Juvenile,Female Juvenile
2005,2.779437719749295,1.2747162163023458,0.0,0.8933995640210128,1.6767551434464028,0.0
2006,1.5152663080536404,2.4867837803672566,0.0,0.0,0.0,0.0
2007,4.49034575662326,2.118190810864624,0.0,0.0,0.0,0.0
2008,0.0,1.2888424905592288,0.0,0.0,0.0,0.0
2009,0.8386306838194597,0.39622869527834076,0.0,0.0,0.0,0.0
2010,0.0,0.9246865890392275,0.0,0.0,0.0,0.0
2011,0.0,1.4023999738218673,0.0,0.0,0.0,0.0
