#{"white_adult"=>4.033156386599166, "white_juvenile"=>0.0, "black_adult"=>9.152179554706539, "black_juvenile"=>0.15262002802103714, "male_juvenile"=>0.280369639332496, "female_juvenile"=>0.0}
Year,White Adult,Black Adult,White Juvenile,Black Juvenile,Male Juvenile,Female Juvenile
2005,6.948594299373236,15.296594595628148,0.0,0.0,0.0,0.0
2006,7.576331540268202,11.397758993349925,0.0,0.0,0.0,0.0
2007,1.49678191887442,12.709144865187747,0.0,0.0,0.0,0.0
2008,1.5130653190298227,8.162669106875116,0.0,1.0795405475429658,1.9915161412383247,0.0
2009,4.193153419097298,5.3490873862576,0.0,0.0,0.0,0.0
2010,4.8615274919379665,7.6286643595736265,0.0,0.0,0.0,0.0
2011,1.4518002322880372,3.0385332766140456,0.0,0.0,0.0,0.0
