#{"white_adult"=>0.19205506602853173, "white_juvenile"=>0.0, "black_adult"=>3.5625933837112704, "black_juvenile"=>4.120740756568003, "male_juvenile"=>7.850349901309888, "female_juvenile"=>0.0}
Year,White Adult,Black Adult,White Juvenile,Black Juvenile,Male Juvenile,Female Juvenile
2005,0.0,3.1867905407558643,0.0,4.466997820105064,8.383775717232012,0.0
2006,0.0,7.8748153044963125,0.0,3.6664955635403684,6.885274119975901,0.0
2007,1.49678191887442,2.9654671352104742,0.0,11.959815021527668,23.696250524051695,0.0
2008,0.0,6.229405371036272,0.0,2.1590810950859316,3.9830322824766493,0.0
2009,0.0,1.3868004334741926,0.0,2.133811307066116,3.7653437758867385,0.0
2010,0.0,2.311716472598069,0.0,1.3396924066234392,2.4576666912433334,0.0
2011,0.0,0.7011999869109337,0.0,1.3726270709510933,2.4963179310516987,0.0
