#{"white_adult"=>1.920550660285317, "white_juvenile"=>0.0, "black_adult"=>1.4741765725701808, "black_juvenile"=>0.7631001401051857, "male_juvenile"=>1.4018481966624798, "female_juvenile"=>0.0}
Year,White Adult,Black Adult,White Juvenile,Black Juvenile,Male Juvenile,Female Juvenile
2005,4.169156579623942,2.9743378380388066,0.0,0.0,0.0,0.0
2006,3.0305326161072808,1.4506238718808997,0.0,1.8332477817701842,3.4426370599879506,0.0
2007,0.0,2.3300098919510868,0.0,0.9966512517939722,1.8227885018501304,0.0
2008,3.0261306380596453,1.5036495723191001,0.0,1.0795405475429658,1.9915161412383247,0.0
2009,1.6772613676389194,0.7924573905566815,0.0,0.0,0.0,0.0
2010,1.620509163979322,0.46234329451961376,0.0,1.3396924066234392,2.4576666912433334,0.0
2011,0.0,0.7011999869109337,0.0,0.0,0.0,0.0
