#{"white_adult"=>0.0, "white_juvenile"=>7.289559528365499, "black_adult"=>0.0, "black_juvenile"=>1.06834019614726, "male_juvenile"=>0.560739278664992, "female_juvenile"=>2.5465235709051193}
Year,White Adult,Black Adult,White Juvenile,Black Juvenile,Male Juvenile,Female Juvenile
2005,0.0,0.0,0.0,1.7867991280420257,0.0,3.3471682956219038
2006,0.0,0.0,29.64719833975689,1.8332477817701842,0.0,6.926766758446327
2007,0.0,0.0,13.206550449022716,0.9966512517939722,1.8227885018501304,1.885120741983524
2009,0.0,0.0,7.819219641879741,0.0,0.0,1.8725890416089284
2010,0.0,0.0,0.0,1.3396924066234392,0.0,2.5514760288827087
2011,0.0,0.0,0.0,1.3726270709510933,2.4963179310516987,0.0
