#{"white_adult"=>19.589616734910233, "white_juvenile"=>0.0, "black_adult"=>21.344848290339076, "black_juvenile"=>0.0, "male_juvenile"=>0.0, "female_juvenile"=>0.0}
Year,White Adult,Black Adult,White Juvenile,Black Juvenile,Male Juvenile,Female Juvenile
2005,16.676626318495767,22.732439190725167,0.0,0.0,0.0,0.0
2006,30.30532616107281,31.29202923628798,0.0,0.0,0.0,0.0
2007,55.38093099835354,32.408319406228756,0.0,0.0,0.0,0.0
2008,15.130653190298224,11.81438949679293,0.0,0.0,0.0,0.0
2009,10.902198889652976,14.660461725298608,0.0,0.0,0.0,0.0
2010,9.723054983875933,21.961306489681654,0.0,0.0,0.0,0.0
2011,5.807200929152149,14.023999738218672,0.0,0.0,0.0,0.0
