#{"white_adult"=>2.633966850644756, "white_juvenile"=>0.0, "black_adult"=>3.95417406581358, "black_juvenile"=>0.0, "male_juvenile"=>0.0, "female_juvenile"=>0.0}
Year,White Adult,Black Adult,White Juvenile,Black Juvenile,Male Juvenile,Female Juvenile
2005,1.577649829281033,5.330270606775881,0.0,0.0,0.0,0.0
2006,2.2028795188342647,3.733932705425495,0.0,0.0,0.0,0.0
2007,1.3187436329408972,2.183414059003126,0.0,0.0,0.0,0.0
2008,1.8846729091997165,2.5646218376665124,0.0,0.0,0.0,0.0
2009,3.3753708602626316,3.2385687276801343,0.0,0.0,0.0,0.0
2010,3.969018971910686,5.035500276952515,0.0,0.0,0.0,0.0
2011,3.9380577274256465,5.602526230009168,0.0,0.0,0.0,0.0
