#{"white_adult"=>0.0, "white_juvenile"=>786.5359708608075, "black_adult"=>0.0, "black_juvenile"=>8475.789957706069, "male_juvenile"=>2821.18056556439, "female_juvenile"=>1030.2856559786596}
Year,White Adult,Black Adult,White Juvenile,Black Juvenile,Male Juvenile,Female Juvenile
2005,0.0,0.0,949.9345528489224,10182.213363064067,3354.6124166958966,1171.3304933494874
2006,0.0,0.0,935.4109398125424,10723.261354281945,3507.5172410512246,1271.9601123659104
2007,0.0,0.0,897.4940127134602,8705.043859649122,2979.002541897151,1120.3520768511837
2008,0.0,0.0,889.5070926125201,8999.845716930568,2999.8130037825727,1162.6077707821055
2009,0.0,0.0,747.8406052772712,8150.78109330778,2719.738033677634,1007.5220661767904
2010,0.0,0.0,592.9724668514001,7121.177382551068,2385.615594726551,817.8130058144785
2011,0.0,0.0,459.61418729784316,5314.361658719703,1730.9727350231715,614.620417977827
