#{"white_adult"=>0.0, "white_juvenile"=>147.82098424636368, "black_adult"=>0.0, "black_juvenile"=>260.40544057375416, "male_juvenile"=>148.877641073441, "female_juvenile"=>182.7926163833106}
Year,White Adult,Black Adult,White Juvenile,Black Juvenile,Male Juvenile,Female Juvenile
2005,0.0,0.0,169.85646154945087,254.51310292014367,158.3849721345337,208.43918135511524
2006,0.0,0.0,160.48487078152377,251.3179198944574,159.84345490210382,189.05548268986007
2007,0.0,0.0,168.86112657780214,240.6798245614035,159.89353046176748,202.9782537785898
2008,0.0,0.0,155.28117860670702,282.28087518499683,162.22742020674565,187.58357472392555
2009,0.0,0.0,140.69273760804435,274.1069239854701,153.39335634507108,170.61611374407582
2010,0.0,0.0,123.2111647502151,244.01428056729227,129.58331072203228,156.65052691540873
2011,0.0,0.0,112.3726316961687,278.04656259836554,117.10106850578374,160.66393382227406
