#{"white_adult"=>0.0, "white_juvenile"=>346.0325252894767, "black_adult"=>0.0, "black_juvenile"=>1640.5972025193037, "male_juvenile"=>825.2916276271189, "female_juvenile"=>367.7276252042461}
Year,White Adult,Black Adult,White Juvenile,Black Juvenile,Male Juvenile,Female Juvenile
2005,0.0,0.0,437.25457311775807,2076.2875123078898,1035.21938068741,475.827844628466
2006,0.0,0.0,453.54712573633964,2082.815860418623,1101.4224437717655,478.5447331959733
2007,0.0,0.0,398.9606401137077,1541.22666104864,863.0700108281846,360.6122656287592
2008,0.0,0.0,342.07911849710985,1737.03848524412,860.616639941543,363.8679883753334
2009,0.0,0.0,380.2140476201984,2203.923305616515,979.5105495521584,481.06072693620956
2010,0.0,0.0,240.12555501094457,1254.5746557489272,599.2027260979978,271.3323105377096
2011,0.0,0.0,163.03911332423098,512.1698774665286,327.73737443747495,127.87689066390098
