#{"white_adult"=>0.0, "white_juvenile"=>278.94296775644136, "black_adult"=>0.0, "black_juvenile"=>1519.0680609401643, "male_juvenile"=>435.09024531834217, "female_juvenile"=>623.5920783132417}
Year,White Adult,Black Adult,White Juvenile,Black Juvenile,Male Juvenile,Female Juvenile
2005,0.0,0.0,350.22671060365,1629.2282570804766,483.6776290934193,738.0753053669952
2006,0.0,0.0,355.95038594353036,1646.624057189592,543.0383913787086,721.1403271078209
2007,0.0,0.0,314.2509057913539,1735.4436046664734,484.81849316746445,711.8683938987291
2008,0.0,0.0,263.69606729975226,1583.2830756383833,431.57691761219473,623.167058136603
2009,0.0,0.0,239.728179177481,1550.933848745361,418.8830125029848,576.262352277925
2010,0.0,0.0,227.19326115729663,1334.2197414496723,371.4458198001327,525.9713246263219
2011,0.0,0.0,195.8075656573769,1129.8454141764882,307.6869761524028,455.84989262142193
