#{"white_adult"=>0.0, "white_juvenile"=>471.2910272661075, "black_adult"=>0.0, "black_juvenile"=>1522.106789079488, "male_juvenile"=>654.2938637064447, "female_juvenile"=>543.9133094468234}
Year,White Adult,Black Adult,White Juvenile,Black Juvenile,Male Juvenile,Female Juvenile
2005,0.0,0.0,498.4700424439838,704.2253521126761,682.0578928864409,571.0577547047371
2006,0.0,0.0,202.43146494047141,399.6003996003996,299.26284519749146,220.9662038006187
2007,0.0,0.0,524.4374809592201,2764.9769585253457,763.9185968343213,663.5377892862923
2008,0.0,0.0,476.4189744995887,2415.458937198068,646.3345164541431,567.7903689449552
2009,0.0,0.0,554.3829002596017,3357.314148681055,791.2575688128724,586.9848784965458
2010,0.0,0.0,476.6097317602865,1484.2300556586272,607.7153426105338,541.0434058804808
2011,0.0,0.0,582.8315578199783,1279.0697674418604,807.3429765966649,679.0023264621544
