#{"white_adult"=>1.4100353266462584, "white_juvenile"=>0.5056770678820897, "black_adult"=>0.0, "black_juvenile"=>0.0, "male_juvenile"=>0.963613937711995, "female_juvenile"=>0.0}
Year,White Adult,Black Adult,White Juvenile,Black Juvenile,Male Juvenile,Female Juvenile
2005,1.397993103234024,0.0,0.0,0.0,0.0,0.0
2006,1.2095042846689283,0.0,0.0,0.0,0.0,0.0
2007,1.7897225184378707,0.0,0.0,0.0,0.0,0.0
2008,1.1856243052982587,0.0,1.1424915455625628,0.0,2.1909644625564173,0.0
2009,1.890573600030249,0.0,2.426183370939176,0.0,4.824741273249222,0.0
2010,1.2759315363491628,0.0,0.0,0.0,0.0,0.0
2011,1.129605259442088,0.0,0.0,0.0,0.0,0.0
