#{"white_adult"=>0.9259933488423189, "white_juvenile"=>0.0, "black_adult"=>16.905218077313197, "black_juvenile"=>0.0, "male_juvenile"=>0.0, "female_juvenile"=>0.0}
Year,White Adult,Black Adult,White Juvenile,Black Juvenile,Male Juvenile,Female Juvenile
2005,0.31066513405200535,0.0,0.0,0.0,0.0,0.0
2006,0.6047521423344642,0.0,0.0,0.0,0.0,0.0
2007,3.2811579504694293,0.0,0.0,0.0,0.0,0.0
2008,1.482030381622823,32.55208333333333,0.0,0.0,0.0,0.0
2009,0.14542873846386534,0.0,0.0,0.0,0.0,0.0
2010,0.2835403414109251,44.943820224719104,0.0,0.0,0.0,0.0
2011,0.42360197229078295,42.122999157540015,0.0,0.0,0.0,0.0
