#{"white_adult"=>0.0, "white_juvenile"=>349.25429488389653, "black_adult"=>0.0, "black_juvenile"=>1667.0693404203914, "male_juvenile"=>334.0528317401583, "female_juvenile"=>498.12112208336976}
Year,White Adult,Black Adult,White Juvenile,Black Juvenile,Male Juvenile,Female Juvenile
2005,0.0,0.0,484.89783831803373,4929.577464788732,400.79690612914567,789.0979883192732
2006,0.0,0.0,180.70153367567508,699.3006993006993,138.62911211354384,316.3305654408857
2007,0.0,0.0,386.25582103842976,3225.806451612903,338.1612988653263,614.9862437287587
2008,0.0,0.0,430.7193126770862,5797.101449275362,431.61999912361426,539.2820659016938
2009,0.0,0.0,536.1865249775578,2158.273381294964,593.4431766096543,666.6988743417556
2010,0.0,0.0,407.348711627634,1855.287569573284,433.76783512418535,528.8026048424609
