#{"white_adult"=>1.0733104725217788, "white_juvenile"=>0.0, "black_adult"=>5.635072692437732, "black_juvenile"=>0.0, "male_juvenile"=>0.0, "female_juvenile"=>0.0}
Year,White Adult,Black Adult,White Juvenile,Black Juvenile,Male Juvenile,Female Juvenile
2005,1.2426605362080214,0.0,0.0,0.0,0.0,0.0
2006,0.4535641067508482,0.0,0.0,0.0,0.0,0.0
2007,3.2811579504694293,0.0,0.0,0.0,0.0,0.0
2008,1.0374212671359764,32.55208333333333,0.0,0.0,0.0,0.0
2009,0.872572430783192,0.0,0.0,0.0,0.0,0.0
2010,0.42531051211638765,0.0,0.0,0.0,0.0,0.0
2011,0.282401314860522,0.0,0.0,0.0,0.0,0.0
