#{"white_adult"=>0.0, "white_juvenile"=>813.7104722548776, "black_adult"=>0.0, "black_juvenile"=>1595.0256826169236, "male_juvenile"=>1018.8052850872306, "female_juvenile"=>655.1696299378365}
Year,White Adult,Black Adult,White Juvenile,Black Juvenile,Male Juvenile,Female Juvenile
2005,0.0,0.0,830.8022154725746,427.35042735042737,1016.5709326831687,641.4630817524226
2006,0.0,0.0,702.8029678483099,406.50406504065046,874.6130030959752,573.9685827723115
2007,0.0,0.0,902.2805347460784,3305.785123966942,1139.412794089053,727.5561907236586
2008,0.0,0.0,825.258663163081,1615.2716593245227,1119.5182211241506,587.5090467878582
2009,0.0,0.0,971.1213582949064,4577.4647887323945,1190.3390546404025,793.4272300469484
2010,0.0,0.0,852.6724771605586,5590.062111801242,1026.2166279162993,757.7748576434516
2011,0.0,0.0,630.6897083783367,1036.2694300518135,773.8958961193586,528.5328246701637
