#{"white_adult"=>1.171728976819799, "white_juvenile"=>0.5937325591060763, "black_adult"=>0.0, "black_juvenile"=>0.0, "male_juvenile"=>1.1140571734141396, "female_juvenile"=>0.0}
Year,White Adult,Black Adult,White Juvenile,Black Juvenile,Male Juvenile,Female Juvenile
2005,0.8437086055465404,0.0,0.0,0.0,0.0,0.0
2006,1.378895725147473,0.0,0.0,0.0,0.0,0.0
2007,0.8081591750311142,0.0,0.0,0.0,0.0,0.0
2008,1.5889872589704952,0.0,0.0,0.0,0.0,0.0
2009,1.0386750660857011,0.0,0.0,0.0,0.0,0.0
2010,0.5055969583286988,0.0,0.0,0.0,0.0,0.0
2011,2.0101007563004094,0.0,3.8574294090418144,0.0,7.44130669345537,0.0
