#{"white_adult"=>2.0410762822022304, "white_juvenile"=>1.1874651182121525, "black_adult"=>36.70024059046609, "black_juvenile"=>0.0, "male_juvenile"=>2.785142933535349, "female_juvenile"=>0.0}
Year,White Adult,Black Adult,White Juvenile,Black Juvenile,Male Juvenile,Female Juvenile
2005,2.531125816639621,126.74271229404309,2.2333392889047703,0.0,4.132402165378735,0.0
2006,0.8273374350884837,0.0,2.061005770816158,0.0,3.8699690402476783,0.0
2007,3.5020230918014947,0.0,0.0,0.0,0.0,0.0
2008,2.118649678627327,46.75081813931744,2.052882246674331,0.0,3.860407659048796,0.0
2009,2.5966876652142528,61.519532451553374,2.124992031279883,0.0,7.6796068041316286,0.0
2010,1.2639923958217467,0.0,0.0,0.0,0.0,0.0
2011,1.507575567225307,45.882083046570315,0.0,0.0,0.0,0.0
