#{"white_adult"=>2.7214350429363074, "white_juvenile"=>0.5937325591060763, "black_adult"=>8.155609020103576, "black_juvenile"=>0.0, "male_juvenile"=>1.1140571734141396, "female_juvenile"=>0.0}
Year,White Adult,Black Adult,White Juvenile,Black Juvenile,Male Juvenile,Female Juvenile
2005,0.5624724036976936,0.0,2.2333392889047703,0.0,4.132402165378735,0.0
2006,1.378895725147473,0.0,2.061005770816158,0.0,3.8699690402476783,0.0
2007,1.0775455667081522,0.0,0.0,0.0,0.0,0.0
2008,8.209767504680892,46.75081813931744,0.0,0.0,0.0,0.0
2009,2.5966876652142528,0.0,0.0,0.0,0.0,0.0
2010,1.7695893541504455,0.0,0.0,0.0,0.0,0.0
2011,3.266413728988166,0.0,0.0,0.0,0.0,0.0
