#{"white_adult"=>0.0, "white_juvenile"=>709.8072744113141, "black_adult"=>0.0, "black_juvenile"=>4379.56204379562, "male_juvenile"=>707.4263051179787, "female_juvenile"=>843.9578455786918}
Year,White Adult,Black Adult,White Juvenile,Black Juvenile,Male Juvenile,Female Juvenile
2005,0.0,0.0,578.4348758263355,1709.4017094017095,528.947477168478,737.0001364815067
2006,0.0,0.0,570.8985985160758,3252.0325203252037,495.3560371517028,733.6440531676161
2007,0.0,0.0,933.322296262572,4338.842975206611,948.8625315963445,1065.3501364167857
2008,0.0,0.0,905.3210707833799,3671.0719530102792,938.0790611488574,1008.9829281791477
2009,0.0,0.0,786.2470515735565,8802.81690140845,814.0383212379527,910.7981220657276
2010,0.0,0.0,707.7601596135671,13664.596273291927,681.4719794756674,880.4204993429697
2011,0.0,0.0,493.75096435735225,15025.906735751296,539.4947352755144,592.1157208710856
