#{"white_adult"=>0.0, "white_juvenile"=>40.07949099046442, "black_adult"=>0.0, "black_juvenile"=>445.7748425379761, "male_juvenile"=>262.19526506197803, "female_juvenile"=>49.8355427090601}
Year,White Adult,Black Adult,White Juvenile,Black Juvenile,Male Juvenile,Female Juvenile
2005,0.0,0.0,32.071840923669015,343.1202223766504,191.65727170236752,34.28631712205929
2006,0.0,0.0,55.238745105684714,371.3570678937596,222.36486176699833,67.91091960752172
2007,0.0,0.0,63.95293064304671,685.7800194673038,405.3369363283229,61.78348321548705
2008,0.0,0.0,35.149384885764505,324.44687671018687,220.86588928206712,25.451180009254973
2009,0.0,0.0,37.38317757009346,721.4376284377596,361.99697965710226,63.50335297703719
2010,0.0,0.0,33.30587059792803,329.1442250149611,221.6872065028247,35.85771658060815
2011,0.0,0.0,20.865573542452747,392.60592180598724,208.82604538821516,59.21785062889357
