#{"white_adult"=>37.371695075782135, "white_juvenile"=>0.0, "black_adult"=>30.923120954362076, "black_juvenile"=>0.0, "male_juvenile"=>0.0, "female_juvenile"=>0.0}
Year,White Adult,Black Adult,White Juvenile,Black Juvenile,Male Juvenile,Female Juvenile
2005,36.47385830534908,26.150171719460957,0.0,0.0,0.0,0.0
2006,42.131695253021896,33.46746262151413,0.0,0.0,0.0,0.0
2007,38.333037429184756,31.950873583641155,0.0,0.0,0.0,0.0
2008,35.44558301976342,32.92206876009218,0.0,0.0,0.0,0.0
2009,36.74761736394443,33.94817245671608,0.0,0.0,0.0,0.0
2010,33.63850605689825,29.3061762766503,0.0,0.0,0.0,0.0
2011,39.06311036109939,28.51320996154194,0.0,0.0,0.0,0.0
