#{"white_adult"=>91.08090064344435, "white_juvenile"=>0.0, "black_adult"=>361.97596549769224, "black_juvenile"=>0.0, "male_juvenile"=>0.0, "female_juvenile"=>0.0}
Year,White Adult,Black Adult,White Juvenile,Black Juvenile,Male Juvenile,Female Juvenile
2005,66.8687402264733,332.10718083715415,0.0,0.0,0.0,0.0
2006,80.0502209807416,297.3155981725209,0.0,0.0,0.0,0.0
2007,80.70113142986264,305.4815230435934,0.0,0.0,0.0,0.0
2008,92.91949446988828,359.00732124100523,0.0,0.0,0.0,0.0
2009,120.57191210764469,492.62570253856893,0.0,0.0,0.0,0.0
2010,88.71910076994803,323.1005934500696,0.0,0.0,0.0,0.0
2011,105.47039797496836,413.0938223696564,0.0,0.0,0.0,0.0
