#{"white_adult"=>0.0, "white_juvenile"=>378.9450761683173, "black_adult"=>0.0, "black_juvenile"=>581.145071028842, "male_juvenile"=>502.6638275310637, "female_juvenile"=>294.9993212080296}
Year,White Adult,Black Adult,White Juvenile,Black Juvenile,Male Juvenile,Female Juvenile
2005,0.0,0.0,396.4784172901969,1661.1295681063125,519.4365610435598,327.39475622732107
2006,0.0,0.0,475.9165315621568,996.6777408637873,620.8291965665884,368.9239043770862
2007,0.0,0.0,511.5690527838034,611.7908787541713,653.6855136348385,403.3200122963419
2008,0.0,0.0,492.8823891825286,303.21406913280777,681.347637869377,341.43586915126923
2009,0.0,0.0,311.7044396150264,161.75994823681654,394.9974799864036,252.4611793362428
2010,0.0,0.0,252.0047183862166,951.0869565217392,352.59171919640835,202.7716269002065
2011,0.0,0.0,231.27145932290836,1345.291479820628,327.1254695378507,178.7982292809845
