#{"white_adult"=>0.19414871819549304, "white_juvenile"=>0.17849509004631056, "black_adult"=>0.0, "black_juvenile"=>0.0, "male_juvenile"=>0.34206453047367386, "female_juvenile"=>0.0}
Year,White Adult,Black Adult,White Juvenile,Black Juvenile,Male Juvenile,Female Juvenile
2005,0.0,0.0,0.6674720829801294,0.0,1.301846017653032,0.0
2006,0.1994373871309037,0.0,0.0,0.0,0.0,0.0
2007,0.29589533984566097,0.0,0.6025548324897566,0.0,1.1569655108581214,0.0
2008,0.28753975237076523,0.0,0.0,0.0,0.0,0.0
2009,0.3790908642892615,0.0,0.0,0.0,0.0,0.0
2010,0.18735538506215516,0.0,0.0,0.0,0.0,0.0
