#{"white_adult"=>1.7750739949302223, "white_juvenile"=>1.5172082653936396, "black_adult"=>16.55583455202671, "black_juvenile"=>0.0, "male_juvenile"=>2.907548509026228, "female_juvenile"=>0.0}
Year,White Adult,Black Adult,White Juvenile,Black Juvenile,Male Juvenile,Female Juvenile
2005,2.6396367859782495,27.23311546840959,3.337360414900647,0.0,6.50923008826516,0.0
2006,2.193811258439941,26.695141484249866,1.961194498195701,0.0,3.7702177929145044,0.0
2007,2.860321618508056,18.076644974692698,2.4102193299590264,0.0,4.6278620434324855,0.0
2008,0.7667726729887073,53.57142857142858,1.9455883783520866,0.0,3.764351590438547,0.0
2009,1.2320453089400998,0.0,1.2418503570319777,0.0,2.3441986942813275,0.0
2010,1.2178100029040084,0.0,0.0,0.0,0.0,0.0
2011,1.664826108912924,0.0,0.0,0.0,0.0,0.0
