#{"white_adult"=>0.7488593416111875, "white_juvenile"=>0.0, "black_adult"=>13.796528793355591, "black_juvenile"=>10.76194575979337, "male_juvenile"=>0.0, "female_juvenile"=>0.3669145786169522}
Year,White Adult,Black Adult,White Juvenile,Black Juvenile,Male Juvenile,Female Juvenile
2005,0.4223418857565199,0.0,0.0,0.0,0.0,0.0
2006,0.0,0.0,0.0,0.0,0.0,0.0
2007,0.9863177994855367,0.0,0.0,0.0,0.0,0.0
2008,1.150159009483061,71.42857142857143,0.0,60.64281382656156,0.0,2.626429762702071
2009,0.3790908642892615,0.0,0.0,0.0,0.0,0.0
2010,0.655743847717543,17.590149516270888,0.0,0.0,0.0,0.0
2011,1.5723357695288729,0.0,0.0,0.0,0.0,0.0
