#{"white_adult"=>0.0, "white_juvenile"=>975.4756671030872, "black_adult"=>0.0, "black_juvenile"=>3788.2049074472666, "male_juvenile"=>860.6343586717634, "female_juvenile"=>1235.9517580712034}
Year,White Adult,Black Adult,White Juvenile,Black Juvenile,Male Juvenile,Female Juvenile
2005,0.0,0.0,1300.235617645292,11960.132890365448,1028.4583539458954,1698.3602979292284
2006,0.0,0.0,1234.898802363893,8970.099667774088,1011.675107765392,1608.129839592427
2007,0.0,0.0,1199.6866714871053,3615.1279199110127,978.7928221859705,1572.7021211189672
2008,0.0,0.0,982.5221310678038,2971.497877501516,933.5591944287597,1175.3273188091769
2009,0.0,0.0,820.8630859981372,1455.8395341313492,801.7159534442139,962.9046990764235
2010,0.0,0.0,663.0762448318181,7065.217391304347,663.2352274273276,804.8665190456051
2011,0.0,0.0,683.1403106153599,4573.991031390135,651.9949013547507,890.2918726956607
