#{"white_adult"=>3.202964552582407, "white_juvenile"=>0.0, "black_adult"=>9.296819558029199, "black_juvenile"=>2.0277805941397142, "male_juvenile"=>0.6144619770928575, "female_juvenile"=>0.0}
Year,White Adult,Black Adult,White Juvenile,Black Juvenile,Male Juvenile,Female Juvenile
2005,4.64242411001999,9.54540031022551,0.0,0.0,0.0,0.0
2006,2.903465576512125,16.099356025758972,0.0,0.0,0.0,0.0
2007,4.2033805688224755,2.1861268390792032,0.0,0.0,0.0,0.0
2008,4.508587673046714,11.244799280332845,0.0,0.0,0.0,0.0
2009,2.515803822192134,5.689792512233054,0.0,13.555645926528397,4.127626202171132,0.0
2010,2.637426399319544,10.61751465217022,0.0,0.0,0.0,0.0
2011,1.497499176375453,10.575296108291031,0.0,0.0,0.0,0.0
