#{"white_adult"=>0.2785186567462963, "white_juvenile"=>0.0, "black_adult"=>0.30989398526763995, "black_juvenile"=>0.0, "male_juvenile"=>0.0, "female_juvenile"=>0.0}
Year,White Adult,Black Adult,White Juvenile,Black Juvenile,Male Juvenile,Female Juvenile
2005,0.0,2.3863500775563775,0.0,0.0,0.0,0.0
2006,0.8710396729536375,0.0,0.0,0.0,0.0,0.0
2007,0.5254225711028094,0.0,0.0,0.0,0.0,0.0
2009,0.22870943838110314,0.0,0.0,0.0,0.0,0.0
2010,0.21978553327662864,0.0,0.0,0.0,0.0,0.0
2011,0.21392845376792186,0.0,0.0,0.0,0.0,0.0
