#{"white_adult"=>0.0, "white_juvenile"=>19.726531819991745, "black_adult"=>0.0, "black_juvenile"=>24.333367129676567, "male_juvenile"=>14.74708745022858, "female_juvenile"=>26.198585276395075}
Year,White Adult,Black Adult,White Juvenile,Black Juvenile,Male Juvenile,Female Juvenile
2007,0.0,0.0,14.291430858057508,13.679890560875513,9.39584703561026,19.03855306996668
2008,0.0,0.0,47.13201677899797,14.810426540284361,20.11748611893458,65.75702778234424
2009,0.0,0.0,22.39864612627859,67.778229632642,20.638131010855655,38.575286100038575
2010,0.0,0.0,25.49010520461603,27.72771384999307,23.78027030240577,27.848504137492043
2011,0.0,0.0,21.40360056124997,44.716053063049635,24.464831804281346,24.75962530433706
