#{"white_adult"=>0.2785186567462963, "white_juvenile"=>0.7306122896293239, "black_adult"=>6.507773690620439, "black_juvenile"=>0.0, "male_juvenile"=>1.228923954185715, "female_juvenile"=>0.0}
Year,White Adult,Black Adult,White Juvenile,Black Juvenile,Male Juvenile,Female Juvenile
2005,0.0,4.772700155112755,0.0,0.0,0.0,0.0
2007,0.2627112855514047,2.1861268390792032,0.0,0.0,0.0,0.0
2008,0.0,4.497919712133138,0.0,0.0,0.0,0.0
2009,0.22870943838110314,7.586390016310738,4.977476916950797,0.0,8.255252404342263,0.0
2010,0.659356599829886,8.494011721736177,0.0,0.0,0.0,0.0
2011,0.6417853613037656,16.920473773265652,0.0,0.0,0.0,0.0
