#{"white_adult"=>2.3674085823435185, "white_juvenile"=>0.7306122896293239, "black_adult"=>12.705653395973236, "black_juvenile"=>0.0, "male_juvenile"=>1.228923954185715, "female_juvenile"=>0.0}
Year,White Adult,Black Adult,White Juvenile,Black Juvenile,Male Juvenile,Female Juvenile
2005,0.8192513135329395,9.54540031022551,2.469867615095831,0.0,4.397150646381145,0.0
2006,1.4517327882560624,6.899724011039559,0.0,0.0,0.0,0.0
2007,0.0,4.3722536781584065,0.0,0.0,0.0,0.0
2008,1.4237645283305411,4.497919712133138,0.0,0.0,0.0,0.0
2009,3.65935101409765,24.6557675530099,0.0,0.0,0.0,0.0
2010,1.0989276663831433,23.358532234774483,0.0,0.0,0.0,0.0
2011,7.059638974341421,12.69035532994924,2.3781778401388856,0.0,4.077471967380224,0.0
