#{"white_adult"=>1.428565597691438, "white_juvenile"=>0.0, "black_adult"=>0.8054123711340206, "black_juvenile"=>0.0, "male_juvenile"=>0.0, "female_juvenile"=>0.0}
Year,White Adult,Black Adult,White Juvenile,Black Juvenile,Male Juvenile,Female Juvenile
2005,4.694909153507879,6.608075067732769,0.0,0.0,0.0,0.0
2008,2.7681660899653977,0.0,0.0,0.0,0.0,0.0
2010,1.3581789536589342,0.0,0.0,0.0,0.0,0.0
2011,1.2866038803973032,0.0,0.0,0.0,0.0,0.0
