#{"white_adult"=>17.346867971967463, "white_juvenile"=>2.432794063982484, "black_adult"=>38.65979381443299, "black_juvenile"=>0.0, "male_juvenile"=>0.0, "female_juvenile"=>3.010144185906505}
Year,White Adult,Black Adult,White Juvenile,Black Juvenile,Male Juvenile,Female Juvenile
2005,31.299394356719194,132.16150135465537,0.0,0.0,0.0,0.0
2006,24.253080899182976,46.11600737856118,22.97266253158741,0.0,0.0,19.580967299784607
2007,19.91012002958075,18.74882819823761,0.0,0.0,0.0,0.0
2008,16.608996539792386,30.94825451844516,0.0,0.0,0.0,0.0
2009,10.571782402513064,23.315458148752622,0.0,0.0,0.0,0.0
2010,16.29814744390721,29.9311583358276,0.0,0.0,0.0,0.0
2011,5.146415521589213,5.207248489897938,0.0,0.0,0.0,0.0
