#{"white_adult"=>5.510181591095546, "white_juvenile"=>2.432794063982484, "black_adult"=>5.637886597938144, "black_juvenile"=>0.0, "male_juvenile"=>3.060069157562961, "female_juvenile"=>0.0}
Year,White Adult,Black Adult,White Juvenile,Black Juvenile,Male Juvenile,Female Juvenile
2005,7.8248485891797985,13.216150135465538,0.0,0.0,0.0,0.0
2007,1.4221514306843392,6.249609399412537,20.661157024793386,0.0,29.824038174768866,0.0
2008,8.304498269896193,12.379301807378065,0.0,0.0,0.0,0.0
2009,7.551273144652189,0.0,0.0,0.0,0.0,0.0
2010,5.432715814635737,0.0,0.0,0.0,0.0,0.0
2011,7.71962328238382,10.414496979795876,0.0,0.0,0.0,0.0
