#{"white_adult"=>0.6122423990106163, "white_juvenile"=>0.0, "black_adult"=>0.8054123711340206, "black_juvenile"=>4.033071183706393, "male_juvenile"=>0.0, "female_juvenile"=>3.010144185906505}
Year,White Adult,Black Adult,White Juvenile,Black Juvenile,Male Juvenile,Female Juvenile
2005,4.694909153507879,0.0,0.0,29.83293556085919,0.0,19.26782273603083
2009,0.0,4.663091629750524,0.0,0.0,0.0,0.0
