#{"white_adult"=>12.983459999350828, "white_juvenile"=>0.0, "black_adult"=>15.71896290773867, "black_juvenile"=>0.0, "male_juvenile"=>0.0, "female_juvenile"=>0.0}
Year,White Adult,Black Adult,White Juvenile,Black Juvenile,Male Juvenile,Female Juvenile
2005,45.26935264825713,55.93209186023557,0.0,0.0,0.0,0.0
2006,21.19157180915476,21.555706103344214,0.0,0.0,0.0,0.0
2007,23.905334873899356,9.83574309039048,0.0,0.0,0.0,0.0
2008,3.288391976323578,9.839614287119945,0.0,0.0,0.0,0.0
2009,8.919810900008919,12.635835228708617,0.0,0.0,0.0,0.0
2010,0.0,2.9514196328433977,0.0,0.0,0.0,0.0
