#{"white_adult"=>2.318474999884076, "white_juvenile"=>0.0, "black_adult"=>4.940245485289297, "black_juvenile"=>4.489539373260303, "male_juvenile"=>6.350012700025399, "female_juvenile"=>0.0}
Year,White Adult,Black Adult,White Juvenile,Black Juvenile,Male Juvenile,Female Juvenile
2005,4.115395695296103,0.0,0.0,33.863867253640365,50.21340697966357,0.0
2006,6.054734802615645,18.476319517152184,0.0,0.0,0.0,0.0
2007,0.0,16.392905150650797,0.0,0.0,0.0,0.0
2009,5.946540600005947,0.0,0.0,0.0,0.0,0.0
