#{"white_adult"=>268.479404986576, "white_juvenile"=>0.0, "black_adult"=>123.5061371322324, "black_juvenile"=>0.0, "male_juvenile"=>0.0, "female_juvenile"=>0.0}
Year,White Adult,Black Adult,White Juvenile,Black Juvenile,Male Juvenile,Female Juvenile
2005,201.65438906950902,138.1851681252879,0.0,0.0,0.0,0.0
2006,242.1893921046258,120.09607686148918,0.0,0.0,0.0,0.0
2007,286.8640184867923,134.42182223533655,0.0,0.0,0.0,0.0
2008,292.6668858927984,163.9935714519991,0.0,0.0,0.0,0.0
2009,187.31602890018732,107.40459944402325,0.0,0.0,0.0,0.0
2010,398.8164157982761,100.34826751667552,0.0,0.0,0.0,0.0
2011,267.75870215782015,105.21569216894633,0.0,0.0,0.0,0.0
