#{"white_adult"=>0.0, "white_juvenile"=>40.95190426354826, "black_adult"=>0.0, "black_juvenile"=>15.713387806411063, "male_juvenile"=>47.6250952501905, "female_juvenile"=>2.8547774700962063}
Year,White Adult,Black Adult,White Juvenile,Black Juvenile,Male Juvenile,Female Juvenile
2007,0.0,0.0,287.7237851662404,112.34151821537473,368.7315634218289,18.9000189000189
