#{"white_adult"=>0.20118029605692367, "white_juvenile"=>0.0, "black_adult"=>0.7019408123507026, "black_juvenile"=>0.0, "male_juvenile"=>0.0, "female_juvenile"=>0.0}
Year,White Adult,Black Adult,White Juvenile,Black Juvenile,Male Juvenile,Female Juvenile
2005,0.8491502735173685,2.1511698778852564,0.0,0.0,0.0,0.0
2006,0.2920552218013382,2.027999918880003,0.0,0.0,0.0,0.0
2008,0.1145332369727033,0.32183523323399355,0.0,0.0,0.0,0.0
