#{"white_adult"=>0.0, "white_juvenile"=>181.46430309225886, "black_adult"=>0.0, "black_juvenile"=>633.5811327694985, "male_juvenile"=>401.1779603350923, "female_juvenile"=>158.48984907389257}
Year,White Adult,Black Adult,White Juvenile,Black Juvenile,Male Juvenile,Female Juvenile
2005,0.0,0.0,199.79557952280305,662.1820475089341,433.6945181285672,183.59134036365774
2006,0.0,0.0,208.46051233353683,634.8001587000397,418.8337409155099,171.70457853991385
2008,0.0,0.0,229.74223279056358,649.668636348797,463.01585274886264,172.56065323386008
2009,0.0,0.0,159.02418565636796,774.9064463743557,411.1412304969234,154.17649336477876
2010,0.0,0.0,179.27210253661235,670.9152873932113,419.6907120039563,162.49843080914454
2011,0.0,0.0,114.79636890254672,434.18137480855876,266.4413828957629,107.96433601933347
