#{"white_adult"=>0.0, "white_juvenile"=>114.57770674951973, "black_adult"=>0.0, "black_juvenile"=>254.28540204547818, "male_juvenile"=>111.75752222757978, "female_juvenile"=>185.9069094599681}
Year,White Adult,Black Adult,White Juvenile,Black Juvenile,Male Juvenile,Female Juvenile
2005,0.0,0.0,150.30917440951617,300.3093185981561,124.10755078521892,257.02787650912086
2006,0.0,0.0,145.60582423296933,374.3250935812734,159.81813798091827,233.667535143448
2008,0.0,0.0,136.32564397105426,406.4509810322876,151.87457579280544,248.19362039593491
2009,0.0,0.0,80.82273172095624,171.22078655652052,80.13769746973931,126.72040550529762
2010,0.0,0.0,90.07544367648416,119.20590527715372,73.51270433190318,123.44301396231153
2011,0.0,0.0,87.42185016424712,168.02224436084637,82.5318429945412,134.41917332208405
