#{"white_adult"=>0.0, "white_juvenile"=>45.821877863867364, "black_adult"=>0.0, "black_juvenile"=>361.4261952701942, "male_juvenile"=>440.0207520704033, "female_juvenile"=>136.73830983745475}
Year,White Adult,Black Adult,White Juvenile,Black Juvenile,Male Juvenile,Female Juvenile
2005,0.0,0.0,28.694404591104735,185.70102135561746,204.59195271652646,103.59116022099447
2006,0.0,0.0,0.0,105.04989870188341,123.19822594554638,49.255017854943965
2007,0.0,0.0,77.41935483870968,634.2691913067811,728.1553398058253,236.76880222841226
2008,0.0,0.0,52.28758169934641,759.5168374816984,947.7351916376307,224.33359725521248
2009,0.0,0.0,27.225701061802344,542.5143453312468,686.8560724320948,131.34851138353764
2010,0.0,0.0,35.486160397445,156.27872770729914,216.66907410082334,44.29351838181013
2011,0.0,0.0,87.74495466510676,275.6391977948864,277.4694783573807,178.25311942959001
