#{"white_adult"=>2.181301880282221, "white_juvenile"=>0.0, "black_adult"=>61.595377124803605, "black_juvenile"=>5.00243868886082, "male_juvenile"=>7.685952001229753, "female_juvenile"=>0.0}
Year,White Adult,Black Adult,White Juvenile,Black Juvenile,Male Juvenile,Female Juvenile
2005,4.889895845218497,79.66627074944233,0.0,0.0,0.0,0.0
2006,1.5100949849745549,46.707769503830036,0.0,0.0,0.0,0.0
2007,0.0,65.45027115112335,0.0,27.982464322357988,40.45307443365696,0.0
2008,1.3621936766969527,72.45517659302585,0.0,9.150805270863836,13.937282229965156,0.0
2009,3.9479398333969393,56.060239275293995,0.0,0.0,0.0,0.0
2010,1.2722970050128501,53.55696632442459,0.0,0.0,0.0,0.0
2011,2.5759585785860564,59.08874873151871,0.0,0.0,0.0,0.0
