#{"white_adult"=>146.5438263207783, "white_juvenile"=>0.0, "black_adult"=>682.2872543055169, "black_juvenile"=>100.04877377721638, "male_juvenile"=>153.71904002459505, "female_juvenile"=>0.0}
Year,White Adult,Black Adult,White Juvenile,Black Juvenile,Male Juvenile,Female Juvenile
2005,208.63555606265584,1187.7516729916858,0.0,135.70459252910507,215.95817231188906,0.0
2006,205.37291795653945,903.4617129740838,0.0,97.54633450889173,160.1576937292103,0.0
2007,160.39395005276117,721.2887024817675,0.0,102.60236918197928,148.32793959007552,0.0
2008,185.25834003078558,695.5696952930483,0.0,201.3177159590044,306.62020905923345,0.0
2009,122.38613483530511,537.6686585039561,0.0,83.46374543557643,124.8829222603809,0.0
2010,105.60065141606655,504.2192439323876,0.0,64.35006435006434,101.11223458038423,0.0
2011,63.11098517535838,291.5901296098858,0.0,0.0,0.0,0.0
