#{"white_adult"=>4.362603760564442, "white_juvenile"=>0.0, "black_adult"=>23.12195695146474, "black_juvenile"=>5.00243868886082, "male_juvenile"=>7.685952001229753, "female_juvenile"=>0.0}
Year,White Adult,Black Adult,White Juvenile,Black Juvenile,Male Juvenile,Female Juvenile
2005,3.2599305634789975,13.036298849908746,0.0,0.0,0.0,0.0
2006,1.5100949849745549,17.348600101422583,0.0,0.0,0.0,0.0
2007,7.034822370735139,26.714396388213608,0.0,0.0,0.0,0.0
2008,5.448774706787811,25.029970095772565,0.0,27.452415812591507,41.81184668989547,0.0
2009,6.579899722328231,12.740963471657727,0.0,0.0,0.0,0.0
2010,3.8168910150385504,40.4942916111503,0.0,9.19286633572348,14.444604940054889,0.0
2011,2.5759585785860564,25.690760318051613,0.0,0.0,0.0,0.0
