#{"white_adult"=>38.271932990406235, "white_juvenile"=>0.0, "black_adult"=>69.93444356631548, "black_juvenile"=>1.250609672215205, "male_juvenile"=>1.9214880003074382, "female_juvenile"=>0.0}
Year,White Adult,Black Adult,White Juvenile,Black Juvenile,Male Juvenile,Female Juvenile
2005,60.30871542436146,102.8419131492801,0.0,0.0,0.0,0.0
2006,30.201899699491097,33.36269250273574,0.0,7.5035641929916705,12.319822594554639,0.0
2007,11.255715793176222,28.05011620762429,0.0,0.0,0.0,0.0
2008,27.243873533939055,48.74257334439922,0.0,0.0,0.0,0.0
2009,60.53507744541973,123.58734567507994,0.0,0.0,0.0,0.0
2010,59.797959235603955,88.82618805026517,0.0,0.0,0.0,0.0
2011,19.31968933939542,64.22690079512904,0.0,0.0,0.0,0.0
