#{"white_adult"=>5.155804444303431, "white_juvenile"=>0.0, "black_adult"=>18.004802544173362, "black_juvenile"=>5.00243868886082, "male_juvenile"=>7.685952001229753, "female_juvenile"=>0.0}
Year,White Adult,Black Adult,White Juvenile,Black Juvenile,Male Juvenile,Female Juvenile
2005,1.6299652817394987,20.27868709985805,0.0,0.0,0.0,0.0
2006,13.590854864770993,20.017615501641444,0.0,0.0,0.0,0.0
2007,7.034822370735139,28.05011620762429,0.0,9.327488107452663,13.484358144552319,0.0
2008,5.448774706787811,11.856301624313323,0.0,0.0,0.0,0.0
2009,2.6319598889312927,17.837348860320816,0.0,20.865936358894107,31.220730565095224,0.0
2010,3.8168910150385504,19.594012069911436,0.0,0.0,0.0,0.0
2011,2.5759585785860564,8.991766111318064,0.0,9.5047999239616,13.873473917869035,0.0
