#{"white_adult"=>1.189801025608484, "white_juvenile"=>0.0, "black_adult"=>8.149542204204785, "black_juvenile"=>0.0, "male_juvenile"=>0.0, "female_juvenile"=>0.0}
Year,White Adult,Black Adult,White Juvenile,Black Juvenile,Male Juvenile,Female Juvenile
2005,0.0,7.242388249949303,0.0,0.0,0.0,0.0
2006,0.0,1.3345077001094297,0.0,0.0,0.0,0.0
2007,0.0,5.342879277642722,0.0,0.0,0.0,0.0
2008,0.0,9.221567930021473,0.0,0.0,0.0,0.0
2009,0.0,14.015059818823499,0.0,0.0,0.0,0.0
2010,5.089188020051401,7.837604827964574,0.0,0.0,0.0,0.0
2011,2.5759585785860564,11.560842143123226,0.0,0.0,0.0,0.0
