#{"white_adult"=>15.070812991040798, "white_juvenile"=>0.0, "black_adult"=>431.54668834823946, "black_juvenile"=>90.04389639949476, "male_juvenile"=>138.34713602213554, "female_juvenile"=>0.0}
Year,White Adult,Black Adult,White Juvenile,Black Juvenile,Male Juvenile,Female Juvenile
2005,13.03972225391599,296.93791824792146,0.0,57.13877580172845,90.92975676290067,0.0
2006,15.100949849745549,557.8242186457417,0.0,67.53207773692505,110.87840335099175,0.0
2007,12.66268026732325,511.5806908342906,0.0,223.8597145788639,323.62459546925567,0.0
2008,21.795098827151243,455.80892911249,0.0,173.8653001464129,264.808362369338,0.0
2009,11.843819500190817,435.74095073069424,0.0,41.731872717788214,62.44146113019045,0.0
2010,11.450673045115652,428.45573059539674,0.0,64.35006435006434,101.11223458038423,0.0
2011,19.31968933939542,327.55719405515805,0.0,9.5047999239616,13.873473917869035,0.0
