#{"white_adult"=>0.0, "white_juvenile"=>288.91090235165046, "black_adult"=>0.0, "black_juvenile"=>573.9373662382397, "male_juvenile"=>309.49874794406094, "female_juvenile"=>415.1570752368376}
Year,White Adult,Black Adult,White Juvenile,Black Juvenile,Male Juvenile,Female Juvenile
2005,0.0,0.0,338.82561110937576,542.7732597170047,322.8851940438282,478.09769843313916
2006,0.0,0.0,321.30904674438324,582.4660965228626,330.3486812619532,455.9272277781037
2007,0.0,0.0,334.9858153069189,658.6432875184709,356.725041406728,483.1884959566812
2008,0.0,0.0,310.5782179960028,676.8167043573059,338.5662337662338,455.1942597886023
2009,0.0,0.0,265.37609955399864,580.5193373808302,300.74530049800836,389.06305467784074
2010,0.0,0.0,240.00558636787417,529.0402475176862,275.4580845987089,346.36277425593977
2011,0.0,0.0,218.3024258809013,462.44994459401613,247.62856387088388,306.9920815642889
