#{"white_adult"=>0.7544523165178952, "white_juvenile"=>0.0, "black_adult"=>0.27317254397395024, "black_juvenile"=>0.0, "male_juvenile"=>0.0, "female_juvenile"=>0.0}
Year,White Adult,Black Adult,White Juvenile,Black Juvenile,Male Juvenile,Female Juvenile
2005,0.4073535462162966,0.0,0.0,0.0,0.0,0.0
2006,4.385616847451539,0.4823438050173403,0.0,0.0,0.0,0.0
2007,0.7607773623088071,0.485873235672813,0.0,0.0,0.0,0.0
2008,0.0,0.4986188258523889,0.0,0.0,0.0,0.0
2010,0.0,0.4618681643511676,0.0,0.0,0.0,0.0
