#{"white_adult"=>0.0, "white_juvenile"=>14.840510884587202, "black_adult"=>0.0, "black_juvenile"=>34.746351633078525, "male_juvenile"=>23.82833943620339, "female_juvenile"=>20.04947593754434}
Year,White Adult,Black Adult,White Juvenile,Black Juvenile,Male Juvenile,Female Juvenile
2005,0.0,0.0,12.401892174406038,9.14968891057704,8.956560680698612,15.705279217428371
2006,0.0,0.0,23.19854384524787,30.503614678339382,39.45871921639626,13.118194936376755
2007,0.0,0.0,21.546748749519047,32.76808388629475,25.048169556840076,26.159047005795234
2008,0.0,0.0,4.481156735925433,32.07081235367692,15.941335883947074,10.428833639245786
2009,0.0,0.0,21.787170469046657,46.80708793045804,20.127203928830205,42.71198633216437
2010,0.0,0.0,6.925687374471916,37.775049579752576,22.254367419606098,13.456535390688078
2011,0.0,0.0,13.881391223875992,57.75633620982537,36.099549817378744,19.077092651079976
