#{"white_adult"=>8.662230300761019, "white_juvenile"=>0.0, "black_adult"=>21.990389789903, "black_juvenile"=>0.0, "male_juvenile"=>0.0, "female_juvenile"=>0.0}
Year,White Adult,Black Adult,White Juvenile,Black Juvenile,Male Juvenile,Female Juvenile
2005,13.442667025137789,21.25667434268796,0.0,0.0,0.0,0.0
2006,10.85962266988,20.74078361574563,0.0,0.0,0.0,0.0
2007,7.607773623088072,24.77953501931346,0.0,0.0,0.0,0.0
2008,6.668247288246103,14.459945949719277,0.0,0.0,0.0,0.0
2009,6.796864379899406,24.68052432402786,0.0,0.0,0.0,0.0
2010,8.76978299885789,22.169671888856044,0.0,0.0,0.0,0.0
2011,7.070284359193376,25.26493731998732,0.0,0.0,0.0,0.0
