#{"white_adult"=>0.0, "white_juvenile"=>283.82477066773026, "black_adult"=>0.0, "black_juvenile"=>615.6340763706991, "male_juvenile"=>233.75902611465355, "female_juvenile"=>572.4896513858815}
Year,White Adult,Black Adult,White Juvenile,Black Juvenile,Male Juvenile,Female Juvenile
2005,0.0,0.0,329.53599206278903,692.3264609003294,255.26197939991042,670.8397837158691
2006,0.0,0.0,371.1767015239659,790.04362016899,329.5963605134276,721.5007215007215
2007,0.0,0.0,327.8183916891112,658.0923513830862,279.38342967244705,635.8660656793303
2008,0.0,0.0,262.89452850762547,670.2799781918476,205.2446995058186,606.9581178041049
2009,0.0,0.0,245.88378100781225,558.3416917418924,185.1702761452379,526.0318316698139
2010,0.0,0.0,238.93621441928113,443.85683256209273,189.16212306665182,437.33740019736257
2011,0.0,0.0,223.64463638466876,468.8455527621118,199.60927546080012,404.8582995951417
