#{"white_adult"=>0.0, "white_juvenile"=>132.8175584812312, "black_adult"=>0.0, "black_juvenile"=>191.67651306288565, "male_juvenile"=>267.19167486991984, "female_juvenile"=>43.262396736779216}
Year,White Adult,Black Adult,White Juvenile,Black Juvenile,Male Juvenile,Female Juvenile
2005,0.0,0.0,151.8932407507866,95.91668950397369,261.68224299065423,0.0
2006,0.0,0.0,244.11257897759907,299.21259842519686,478.8160185722577,46.71441918405481
2007,0.0,0.0,222.09883398112163,187.71331058020476,310.3582050950472,98.1491867638811
2008,0.0,0.0,62.60172780768749,146.22555291537196,173.46053772766695,51.9953204211621
2009,0.0,0.0,193.05019305019306,291.41448105805875,381.34350249339985,62.02512017367034
2010,0.0,0.0,68.1663258350375,323.947171692001,219.38314621241452,45.920710240318385
2011,0.0,0.0,0.0,43.177892918825556,29.433406916850625,0.0
