#{"white_adult"=>0.0, "white_juvenile"=>28.223731177261637, "black_adult"=>0.0, "black_juvenile"=>34.13417355914402, "male_juvenile"=>18.08063965285172, "female_juvenile"=>43.262396736779216}
Year,White Adult,Black Adult,White Juvenile,Black Juvenile,Male Juvenile,Female Juvenile
2005,0.0,0.0,108.49517196484756,0.0,12.461059190031152,106.00706713780917
2006,0.0,0.0,57.43825387708214,78.74015748031496,29.01915264074289,109.00031142946122
2007,0.0,0.0,11.10494169905608,68.25938566552901,38.7947756368809,28.042624789680314
2008,0.0,0.0,0.0,54.834582343264486,34.69210754553339,12.998830105290525
2009,0.0,0.0,22.711787417669772,22.416498542927595,14.667057788207686,31.01256008683517
