#{"white_adult"=>1.1368752302172342, "white_juvenile"=>0.0, "black_adult"=>3.110387657981773, "black_juvenile"=>0.0, "male_juvenile"=>0.0, "female_juvenile"=>0.0}
Year,White Adult,Black Adult,White Juvenile,Black Juvenile,Male Juvenile,Female Juvenile
2005,1.6666388893518442,6.943480072212192,0.0,0.0,0.0,0.0
2006,6.610477607007105,11.29177958446251,0.0,0.0,0.0,0.0
2009,0.0,3.6950818460628905,0.0,0.0,0.0,0.0
