#{"white_adult"=>0.0, "white_juvenile"=>1088.8480915997352, "black_adult"=>0.0, "black_juvenile"=>2487.1168972064006, "male_juvenile"=>1636.228010194567, "female_juvenile"=>929.8061467959898}
Year,White Adult,Black Adult,White Juvenile,Black Juvenile,Male Juvenile,Female Juvenile
2005,0.0,0.0,1159.7390068567754,2492.6253687315634,1711.9531011167257,1025.72122460995
2006,0.0,0.0,1342.0707732634337,3025.176233635448,1946.700440177488,1185.397307774726
2007,0.0,0.0,1385.9096648563127,2644.101756771262,2015.8671651484037,1149.259905397385
2008,0.0,0.0,1145.667541331498,3073.8418669453154,1690.6232499249243,1014.8464884109303
2009,0.0,0.0,961.4080700294127,2130.265355353498,1426.690604428486,807.1150831796178
2010,0.0,0.0,857.620541611625,2204.7634214530913,1400.34062339488,718.4270229392488
2011,0.0,0.0,758.2933199012302,1963.022141063684,1252.2244076051325,609.8098137290409
