#{"white_adult"=>0.0, "white_juvenile"=>532.5060531810535, "black_adult"=>0.0, "black_juvenile"=>443.1787360998102, "male_juvenile"=>457.38795300553244, "female_juvenile"=>630.0426429696975}
Year,White Adult,Black Adult,White Juvenile,Black Juvenile,Male Juvenile,Female Juvenile
2005,0.0,0.0,677.8975321832761,394.5427728613569,518.8009135211926,824.2566970856637
2006,0.0,0.0,766.4482306684142,539.778449144008,648.3097007324483,895.1356826992383
2007,0.0,0.0,656.1899401112582,465.1329206769473,547.627823705966,756.28136184601
2008,0.0,0.0,493.73156870898515,465.8655520724486,407.4377683448449,628.5441632563176
2009,0.0,0.0,447.9712699845221,456.48543329003525,397.36684619988034,540.3860642747655
2010,0.0,0.0,339.0232826948481,414.05669391655164,335.21667432618744,389.8231841261839
2011,0.0,0.0,349.85518513854595,376.6263410180324,350.28566076613276,383.70055695310435
