#{"white_adult"=>0.33124628100766323, "white_juvenile"=>0.0, "black_adult"=>0.0, "black_juvenile"=>0.0, "male_juvenile"=>0.0, "female_juvenile"=>0.0}
Year,White Adult,Black Adult,White Juvenile,Black Juvenile,Male Juvenile,Female Juvenile
2005,0.4338319508555166,0.0,0.0,0.0,0.0,0.0
2007,0.6319567910076762,0.0,0.0,0.0,0.0,0.0
2009,0.8370845183311046,0.0,0.0,0.0,0.0,0.0
2010,0.20933990939768723,0.0,0.0,0.0,0.0,0.0
2011,0.20853100334692262,0.0,0.0,0.0,0.0,0.0
