#{"white_adult"=>1.4153250188509248, "white_juvenile"=>1.1792425017865522, "black_adult"=>37.16781267422412, "black_juvenile"=>0.0, "male_juvenile"=>2.2311468094600624, "female_juvenile"=>0.0}
Year,White Adult,Black Adult,White Juvenile,Black Juvenile,Male Juvenile,Female Juvenile
2005,2.169159754277583,0.0,1.4747304930024039,0.0,2.8055212658511954,0.0
2006,1.2632589554532783,30.703101013202335,0.0,0.0,0.0,0.0
2007,0.8426090546769015,71.78750897343862,5.365670440521543,0.0,9.88793671720501,0.0
2008,2.3156919708643846,41.35649296939619,1.6730241584688483,0.0,3.0773965225419295,0.0
2009,1.0463556479138807,25.477707006369425,0.0,0.0,0.0,0.0
2010,1.4653793657838106,0.0,0.0,0.0,0.0,0.0
2011,0.8341240133876905,103.66275051831376,0.0,0.0,0.0,0.0
