#{"white_adult"=>0.7829457551090223, "white_juvenile"=>0.471697000714621, "black_adult"=>4.645976584278015, "black_juvenile"=>0.0, "male_juvenile"=>0.892458723784025, "female_juvenile"=>0.0}
Year,White Adult,Black Adult,White Juvenile,Black Juvenile,Male Juvenile,Female Juvenile
2005,0.4338319508555166,0.0,1.4747304930024039,0.0,2.8055212658511954,0.0
2006,0.6316294777266391,0.0,0.0,0.0,0.0,0.0
2007,0.42130452733845075,0.0,0.0,0.0,0.0,0.0
2008,1.2631047113805733,0.0,0.0,0.0,0.0,0.0
2009,1.0463556479138807,25.477707006369425,1.7558954188688523,0.0,3.4231335364392566,0.0
2010,1.2560394563861232,0.0,0.0,0.0,0.0,0.0
2011,0.41706200669384524,0.0,0.0,0.0,0.0,0.0
