#{"white_adult"=>0.0, "white_juvenile"=>6.603758010004693, "black_adult"=>0.0, "black_juvenile"=>16.725204883759826, "male_juvenile"=>4.016064257028113, "female_juvenile"=>10.200116572760832}
Year,White Adult,Black Adult,White Juvenile,Black Juvenile,Male Juvenile,Female Juvenile
2005,0.0,0.0,13.272574437021634,0.0,5.611042531702391,24.562480810561865
2006,0.0,0.0,10.650923587231064,0.0,9.03233576202806,12.194006645733621
2007,0.0,0.0,10.731340881043087,0.0,6.591957811470007,15.041552288196144
2008,0.0,0.0,3.3460483169376967,0.0,3.0773965225419295,3.590793206219254
2009,0.0,0.0,1.7558954188688523,113.50737797956867,3.4231335364392566,3.4941821866592124
2011,0.0,0.0,5.176340672234109,0.0,0.0,10.470107842110774
