#{"white_adult"=>0.0, "white_juvenile"=>2229.6173044925126, "black_adult"=>0.0, "black_juvenile"=>16315.7559951657, "male_juvenile"=>11600.121759423671, "female_juvenile"=>6532.806528920267}
Year,White Adult,Black Adult,White Juvenile,Black Juvenile,Male Juvenile,Female Juvenile
2005,0.0,0.0,2618.8418323249784,19607.843137254902,12702.036343712902,9461.441743503772
2006,0.0,0.0,2522.336352033064,22995.215311004784,15630.676881762894,8566.2126105884
2007,0.0,0.0,2271.7952923808743,17867.630449514345,13498.730220746238,6577.851790174855
2008,0.0,0.0,1798.007613185389,12698.880377136124,10435.555555555555,4947.247096373792
2009,0.0,0.0,1157.7608142493639,15715.703299429424,9729.961423060438,4679.3760831889085
2010,0.0,0.0,1202.6410941675838,12038.934426229509,7577.586206896552,4927.211646136618
2011,0.0,0.0,4320.9876543209875,11914.448448215739,11508.731749212711,6268.249951333462
