#{"white_adult"=>2.1080424454346387, "white_juvenile"=>0.0, "black_adult"=>31.980598436948252, "black_juvenile"=>3.180459258316901, "male_juvenile"=>0.0, "female_juvenile"=>2.5908413757367708}
Year,White Adult,Black Adult,White Juvenile,Black Juvenile,Male Juvenile,Female Juvenile
2005,0.5134946391159676,48.932988990077476,0.0,11.204481792717088,0.0,10.477787091366304
2006,2.8396183552930485,32.246176524783486,0.0,0.0,0.0,0.0
2007,1.4166646990768068,30.495671960402547,0.0,11.294330246216399,0.0,9.251549634563789
2008,2.762787099626103,39.44864714345384,0.0,0.0,0.0,0.0
2009,3.953923610195851,38.731541999515855,0.0,0.0,0.0,0.0
2010,1.7381782154124263,20.154969319657813,0.0,0.0,0.0,0.0
2011,1.3317293393290748,18.635855385762206,0.0,0.0,0.0,0.0
