#{"white_adult"=>0.0, "white_juvenile"=>846.9754709892115, "black_adult"=>0.0, "black_juvenile"=>4110.743591374595, "male_juvenile"=>1765.5116432448888, "female_juvenile"=>3245.0288231103054}
Year,White Adult,Black Adult,White Juvenile,Black Juvenile,Male Juvenile,Female Juvenile
2005,0.0,0.0,1296.456352636128,4739.495798319328,2008.948954433385,4390.192791282481
2006,0.0,0.0,650.3373245000912,3569.377990430622,1461.1800015796541,2478.584468473529
2007,0.0,0.0,975.9698187484622,3478.653715834651,1640.9454971674154,2904.9865852530297
2008,0.0,0.0,866.6072730217868,3083.873502258888,1440.0,3041.0497384519904
2009,0.0,0.0,419.8473282442748,5011.163483006699,1603.0861551650237,3061.8139803581744
2010,0.0,0.0,558.0883508882251,5366.290983606557,2232.7586206896553,3840.9854423292277
2011,0.0,0.0,1390.9465020576133,3998.605137742648,2013.5509113465025,3523.457270780611
