#{"white_adult"=>0.7246395906181571, "white_juvenile"=>0.0, "black_adult"=>2.6650498697456877, "black_juvenile"=>0.0, "male_juvenile"=>0.0, "female_juvenile"=>0.0}
Year,White Adult,Black Adult,White Juvenile,Black Juvenile,Male Juvenile,Female Juvenile
2006,0.0,6.909894969596462,0.0,0.0,0.0,0.0
2007,1.4166646990768068,2.345820920030965,0.0,0.0,0.0,0.0
2008,3.223251616230453,4.64101731099457,0.0,0.0,0.0,0.0
2009,0.4393248455773168,4.841442749939482,0.0,0.0,0.0,0.0
2010,0.0,0.0,0.0,0.0,0.0,0.0
