#{"white_adult"=>0.3952579585189948, "white_juvenile"=>0.0, "black_adult"=>13.991511816164861, "black_juvenile"=>0.0, "male_juvenile"=>0.0, "female_juvenile"=>0.0}
Year,White Adult,Black Adult,White Juvenile,Black Juvenile,Male Juvenile,Female Juvenile
2005,0.0,2.7184993883376376,0.0,0.0,0.0,0.0
2006,0.9465394517643495,11.516491615994104,0.0,0.0,0.0,0.0
2007,0.0,7.037462760092895,0.0,0.0,0.0,0.0
2008,0.0,4.64101731099457,0.0,0.0,0.0,0.0
2009,0.4393248455773168,31.469377874606632,0.0,0.0,0.0,0.0
2010,0.4345445538531066,13.43664621310521,0.0,0.0,0.0,0.0
2011,0.8878195595527165,24.847807181016275,0.0,0.0,0.0,0.0
