#{"white_adult"=>0.0, "white_juvenile"=>264.43227331345827, "black_adult"=>0.0, "black_juvenile"=>513.2432973379971, "male_juvenile"=>401.8299853645409, "female_juvenile"=>201.25936844586184}
Year,White Adult,Black Adult,White Juvenile,Black Juvenile,Male Juvenile,Female Juvenile
2005,0.0,0.0,299.511913681712,573.826264459061,454.81211199143877,223.80785806710162
2006,0.0,0.0,276.250565057974,501.9001982815598,413.17848674968377,210.77627032723683
2007,0.0,0.0,191.47559118328843,322.0124698788671,274.8306276364566,145.8463751515071
2008,0.0,0.0,271.35475868599343,532.0239695595707,398.9844033369605,224.6577213288265
2009,0.0,0.0,267.69130264192955,504.5077655735665,410.978821020662,193.73238604721803
2010,0.0,0.0,267.21886674907876,693.5456035896109,446.65154498805435,215.36202980444295
2011,0.0,0.0,278.6328203078153,463.41991863068444,414.008842329428,195.75113268723598
