#{"white_adult"=>0.0, "white_juvenile"=>399.48638260044544, "black_adult"=>0.0, "black_juvenile"=>1094.7919545817012, "male_juvenile"=>465.7909967964197, "female_juvenile"=>549.8719546311811}
Year,White Adult,Black Adult,White Juvenile,Black Juvenile,Male Juvenile,Female Juvenile
2005,0.0,0.0,461.17477594688944,1123.8376048990701,478.3424338733489,648.329591881786
2006,0.0,0.0,458.0350277989205,1022.3892927957701,505.9847314657666,601.9796961086432
2007,0.0,0.0,372.00423282049115,853.6572188063926,411.2872299629298,485.15563606334655
2008,0.0,0.0,454.47520146183325,1371.642097108615,534.2665843209913,650.414831506709
2009,0.0,0.0,376.31405504970166,1118.7403142427293,470.4285875833993,508.29437872318886
2010,0.0,0.0,346.1698955613066,1069.9801535939253,418.33816357499387,506.5508836075564
2011,0.0,0.0,326.0043973615831,1126.6520619177159,442.77782737947615,443.82120447451496
