#{"white_adult"=>977.1510293677454, "white_juvenile"=>850.4007123775601, "black_adult"=>Infinity, "black_juvenile"=>Infinity, "male_juvenile"=>1988.3650256143092, "female_juvenile"=>328.9774284931006}
Year,White Adult,Black Adult,White Juvenile,Black Juvenile,Male Juvenile,Female Juvenile
2005,904.2747533796128,Infinity,1778.496362166532,Infinity,3275.109170305677,1000.0
2006,1330.625768182547,Infinity,990.4492394764768,Infinity,2528.2767797737856,302.11480362537765
2007,910.3153592494542,Infinity,840.3361344537815,Infinity,2380.9523809523807,115.2073732718894
2008,996.8262482678467,Infinity,688.924218335983,Infinity,1877.4157923799005,152.82730514518593
2009,1029.2500549813062,Infinity,711.9741100323625,Infinity,1201.923076923077,561.0098176718093
2010,825.179239752897,Infinity,454.8038658328596,Infinity,1317.1759747102212,185.1851851851852
2011,889.4414690130069,Infinity,783.7445573294631,Infinity,1735.4877318970678,281.8489289740699
