#{"white_adult"=>27314.99650779925, "white_juvenile"=>8428.317008014248, "black_adult"=>Infinity, "black_juvenile"=>Infinity, "male_juvenile"=>13762.264478596855, "female_juvenile"=>6341.953760394772}
Year,White Adult,Black Adult,White Juvenile,Black Juvenile,Male Juvenile,Female Juvenile
2005,27895.506028498356,Infinity,10832.659660468877,Infinity,16229.985443959244,9181.818181818182
2006,37904.130818147816,Infinity,11177.927131234524,Infinity,17365.269461077845,8836.858006042296
2007,31921.415633272954,Infinity,8643.457382953182,Infinity,14097.744360902256,6624.423963133641
2008,23821.018282598005,Infinity,6041.33545310016,Infinity,11043.622308117063,3820.6826286296487
2009,25207.829338025073,Infinity,8220.064724919093,Infinity,14182.692307692307,6030.855539971949
2010,23501.826216350273,Infinity,6736.7822626492325,Infinity,10168.598524762907,5370.37037037037
2011,22561.208875286917,Infinity,8766.328011611029,Infinity,14781.567923399161,6369.78579481398
