#{"white_adult"=>24.611700535470778, "white_juvenile"=>106.8566340160285, "black_adult"=>NaN, "black_juvenile"=>Infinity, "male_juvenile"=>182.33915082052619, "female_juvenile"=>36.553047610344514}
Year,White Adult,Black Adult,White Juvenile,Black Juvenile,Male Juvenile,Female Juvenile
2005,22.835221044939715,NaN,121.26111560226354,NaN,218.34061135371178,0.0
2006,26.71939293539251,NaN,70.74637424831977,Infinity,66.53359946773121,151.05740181268882
2007,23.222330593098324,NaN,150.06002400960384,NaN,313.2832080200501,0.0
2008,17.880291448750615,NaN,105.98834128245893,NaN,220.87244616234128,0.0
2009,21.992522542335607,NaN,32.362459546925564,NaN,60.09615384615385,0.0
2010,18.036704694052396,NaN,85.27572484366117,NaN,158.06111696522655,0.0
2011,43.03749043611323,NaN,174.1654571843251,NaN,239.37761819269898,112.73957158962796
