#{"white_adult"=>542.1225928759104, "white_juvenile"=>752.4487978628673, "black_adult"=>Infinity, "black_juvenile"=>Infinity, "male_juvenile"=>1667.1008075019536, "female_juvenile"=>210.18002375948092}
Year,White Adult,Black Adult,White Juvenile,Black Juvenile,Male Juvenile,Female Juvenile
2005,643.9532334672999,Infinity,1050.9296685529507,Infinity,2183.406113537118,363.6363636363636
2006,758.8307593651473,Infinity,742.8369296073575,Infinity,1530.2727877578177,377.6435045317221
2007,520.1802052854024,Infinity,1200.4801920768307,Infinity,2631.578947368421,115.2073732718894
2008,487.2379419784543,Infinity,662.4271330153683,Infinity,1656.5433462175595,305.65461029037186
2009,497.0310094567847,Infinity,291.2621359223301,Infinity,841.3461538461538,70.12622720897616
2010,455.42679352482304,Infinity,909.6077316657191,Infinity,1896.7334035827187,246.91358024691357
2011,463.8485080336649,Infinity,464.4412191582002,Infinity,1017.3548773189706,56.36978579481398
