#{"white_adult"=>1589.1176372767486, "white_juvenile"=>5988.423864648264, "black_adult"=>Infinity, "black_juvenile"=>Infinity, "male_juvenile"=>10914.300599114353, "female_juvenile"=>4496.024856072376}
Year,White Adult,Black Adult,White Juvenile,Black Juvenile,Male Juvenile,Female Juvenile
2005,1758.312020460358,Infinity,6467.259498787389,Infinity,10043.668122270743,5909.090909090909
2006,1597.819697536472,Infinity,4987.619384506544,Infinity,8316.699933466401,4456.19335347432
2007,1695.2301332961777,Infinity,4111.644657863145,Infinity,9398.496240601504,2476.958525345622
2008,1233.7401099637925,Infinity,6120.826709062003,Infinity,12534.511319712865,3464.0855832908815
2009,1447.1079832856828,Infinity,7281.553398058252,Infinity,13281.25,5049.088359046284
2010,1826.2163502728051,Infinity,5628.197839681638,Infinity,8482.613277133825,5987.6543209876545
2011,1578.0413159908187,Infinity,7343.976777939041,Infinity,14063.435068821065,4960.54114994363
