#{"white_adult"=>4106.162902850301, "white_juvenile"=>227.07034728406055, "black_adult"=>Infinity, "black_juvenile"=>Infinity, "male_juvenile"=>355.995484935313, "female_juvenile"=>146.21219044137806}
Year,White Adult,Black Adult,White Juvenile,Black Juvenile,Male Juvenile,Female Juvenile
2005,4256.485202776763,Infinity,40.42037186742118,NaN,218.34061135371178,0.0
2006,4943.087693047614,Infinity,353.73187124159887,NaN,532.2687957418497,151.05740181268882
2007,4310.064558079049,Infinity,150.06002400960384,NaN,187.96992481203006,115.2073732718894
2008,3361.4947923651157,Infinity,79.4912559618442,NaN,55.21811154058532,101.88487009679062
2009,4556.850670771938,Infinity,291.2621359223301,Infinity,540.8653846153846,140.25245441795232
2010,3720.0703431483066,Infinity,426.37862421830584,NaN,474.18335089567967,370.3703703703704
2011,3706.006120887529,Infinity,232.2206095791001,NaN,478.75523638539795,112.73957158962796
