#{"white_adult"=>1058.3031230252436, "white_juvenile"=>71.23775601068567, "black_adult"=>Infinity, "black_juvenile"=>Infinity, "male_juvenile"=>121.55943388035078, "female_juvenile"=>54.82957141551677}
Year,White Adult,Black Adult,White Juvenile,Black Juvenile,Male Juvenile,Female Juvenile
2005,1726.3427109974423,Infinity,40.42037186742118,NaN,72.7802037845706,0.0
2006,2361.9943354886977,Infinity,282.98549699327907,Infinity,465.73519627411844,151.05740181268882
2007,1179.6943941293948,Infinity,90.0360144057623,NaN,0.0,172.8110599078341
2008,558.7591077734568,Infinity,79.4912559618442,NaN,110.43622308117064,50.94243504839531
2009,589.3996041345943,Infinity,0.0,Infinity,60.09615384615385,0.0
2010,604.2296072507553,Infinity,28.425241614553723,NaN,52.68703898840885,0.0
2011,592.9609793420045,Infinity,0.0,NaN,119.68880909634949,0.0
