#{"white_adult"=>464.29640469617857, "white_juvenile"=>84.59483526268922, "black_adult"=>Infinity, "black_juvenile"=>NaN, "male_juvenile"=>121.55943388035078, "female_juvenile"=>45.691309512930644}
Year,White Adult,Black Adult,White Juvenile,Black Juvenile,Male Juvenile,Female Juvenile
2005,502.3748629886737,Infinity,0.0,NaN,0.0,0.0
2006,673.3287019718913,Infinity,106.11956137247967,NaN,66.53359946773121,151.05740181268882
2007,701.3143839115694,Infinity,150.06002400960384,NaN,250.62656641604008,57.6036866359447
2008,438.06714049439006,Infinity,105.98834128245893,NaN,165.65433462175594,50.94243504839531
2009,413.45942379590934,Infinity,97.08737864077669,NaN,120.1923076923077,70.12622720897616
2010,297.60562745186456,Infinity,28.425241614553723,NaN,52.68703898840885,0.0
2011,253.44299923488904,Infinity,87.08272859216255,NaN,179.53321364452424,0.0
