#{"white_adult"=>242.7910998769415, "white_juvenile"=>35.618878005342836, "black_adult"=>Infinity, "black_juvenile"=>Infinity, "male_juvenile"=>78.14535035165407, "female_juvenile"=>9.138261902586128}
Year,White Adult,Black Adult,White Juvenile,Black Juvenile,Male Juvenile,Female Juvenile
2005,164.41359152356594,Infinity,121.26111560226354,NaN,218.34061135371178,0.0
2006,347.3521081601026,Infinity,70.74637424831977,NaN,133.06719893546241,0.0
2007,334.40156054061583,Infinity,60.024009603841534,NaN,62.65664160401002,57.6036866359447
2008,321.84524607751104,Infinity,0.0,NaN,0.0,0.0
2009,189.13569386408622,Infinity,0.0,Infinity,120.1923076923077,0.0
2010,184.87622311403706,Infinity,0.0,NaN,0.0,0.0
2011,172.14996174445292,Infinity,29.027576197387514,NaN,59.844404548174744,0.0
