#{"white_adult"=>7279.076728639372, "white_juvenile"=>14292.074799643811, "black_adult"=>Infinity, "black_juvenile"=>Infinity, "male_juvenile"=>19466.875054267606, "female_juvenile"=>15955.40528191538}
Year,White Adult,Black Adult,White Juvenile,Black Juvenile,Male Juvenile,Female Juvenile
2005,7837.04786262331,Infinity,22594.98787388844,Infinity,29403.20232896652,29545.454545454548
2006,7721.904558328435,Infinity,15104.350902016273,Infinity,22288.755821689952,14577.039274924473
2007,7254.656077283917,Infinity,13805.522208883553,Infinity,21177.944862155386,12960.829493087558
2008,8055.071297662152,Infinity,12480.127186009538,Infinity,17945.886250690226,11869.587366276108
2009,6694.523861886959,Infinity,14239.48220064725,Infinity,18509.615384615387,17251.051893408134
2010,7205.6635252739325,Infinity,14667.424673109721,Infinity,16491.043203371974,20000.0
2011,6206.962509563887,Infinity,9782.293178519594,Infinity,13105.92459605027,11273.957158962796
