#{"white_adult"=>181.59443908604118, "white_juvenile"=>467.4977738201247, "black_adult"=>Infinity, "black_juvenile"=>Infinity, "male_juvenile"=>989.841104454285, "female_juvenile"=>155.35045234396418}
Year,White Adult,Black Adult,White Juvenile,Black Juvenile,Male Juvenile,Female Juvenile
2005,205.51698940445743,Infinity,1050.9296685529507,Infinity,2037.8457059679768,545.4545454545455
2006,251.16229359268957,Infinity,424.47824548991866,Infinity,864.9367930805056,151.05740181268882
2007,246.15670428684223,Infinity,720.2881152460984,Infinity,1566.4160401002505,288.0184331797235
2008,263.73429886907155,Infinity,397.456279809221,Infinity,938.7078961899502,203.76974019358124
2009,114.36111722014516,Infinity,453.0744336569579,Infinity,901.4423076923076,0.0
2010,85.67434729674888,Infinity,113.7009664582149,NaN,263.43519494204423,0.0
2011,114.76664116296864,Infinity,290.2757619738752,Infinity,658.2884500299222,0.0
