#{"white_adult"=>909.9677387168657, "white_juvenile"=>258.2368655387355, "black_adult"=>Infinity, "black_juvenile"=>Infinity, "male_juvenile"=>416.7752018754884, "female_juvenile"=>173.62697614913642}
Year,White Adult,Black Adult,White Juvenile,Black Juvenile,Male Juvenile,Female Juvenile
2005,1242.2360248447203,Infinity,363.78334680679063,Infinity,436.68122270742356,454.5454545454545
2006,1100.8389889381713,Infinity,282.98549699327907,NaN,399.2015968063872,151.05740181268882
2007,836.0039013515396,Infinity,120.04801920768307,NaN,187.96992481203006,115.2073732718894
2008,616.8700549818963,Infinity,238.47376788553257,Infinity,441.74489232468255,101.88487009679062
2009,747.7457664394107,Infinity,226.53721682847896,NaN,420.6730769230769,70.12622720897616
2010,753.0324209766875,Infinity,255.8271745309835,Infinity,368.80927291886195,246.91358024691357
2011,1123.7566947207345,Infinity,348.3309143686502,Infinity,658.2884500299222,169.10935738444192
