#{"white_adult"=>1853.1945322113945, "white_juvenile"=>186.99910952804987, "black_adult"=>Infinity, "black_juvenile"=>Infinity, "male_juvenile"=>329.947034818095, "female_juvenile"=>63.9678333181029}
Year,White Adult,Black Adult,White Juvenile,Black Juvenile,Male Juvenile,Female Juvenile
2005,986.4815491413957,Infinity,80.84074373484236,NaN,145.5604075691412,0.0
2006,2260.460642334206,Infinity,141.49274849663954,NaN,266.13439787092483,0.0
2007,2865.635595188333,Infinity,450.1800720288115,Infinity,877.1929824561403,172.8110599078341
2008,1966.8320593625676,Infinity,211.97668256491787,Infinity,386.5267807840972,101.88487009679062
2009,2124.4776775896194,Infinity,258.8996763754045,NaN,480.7692307692308,0.0
2010,1605.2667177706633,Infinity,85.27572484366117,NaN,52.68703898840885,123.45679012345678
2011,1200.2677888293804,Infinity,58.05515239477503,NaN,119.68880909634949,0.0
