#{"white_adult"=>4164.698839258988, "white_juvenile"=>3446.1264470169185, "black_adult"=>Infinity, "black_juvenile"=>Infinity, "male_juvenile"=>5965.095076842928, "female_juvenile"=>1736.2697614913643}
Year,White Adult,Black Adult,White Juvenile,Black Juvenile,Male Juvenile,Female Juvenile
2005,3534.8922177566683,Infinity,3799.514955537591,Infinity,6259.097525473072,2545.4545454545455
2006,4729.332549564474,Infinity,3325.0795896710297,Infinity,5655.355954757152,1737.1601208459215
2007,5118.2016627188705,Infinity,2941.176470588235,Infinity,6140.350877192982,1036.8663594470047
2008,4148.227616110143,Infinity,2623.2114467408583,Infinity,5135.284373274434,916.9638308711156
2009,4204.970310094568,Infinity,3786.4077669902913,Infinity,5889.423076923077,2454.4179523141656
2010,3810.2538666185687,Infinity,3553.1552018192156,Infinity,5005.268703898841,2592.5925925925926
2011,3686.878347360367,Infinity,4267.053701015965,Infinity,7899.461400359066,1465.6144306651634
