#{"white_adult"=>1353.643529450893, "white_juvenile"=>3000.890471950134, "black_adult"=>Infinity, "black_juvenile"=>Infinity, "male_juvenile"=>5209.690023443605, "female_juvenile"=>1498.674952024125}
Year,White Adult,Black Adult,White Juvenile,Black Juvenile,Male Juvenile,Female Juvenile
2005,1287.9064669345998,Infinity,3354.890864995958,Infinity,5676.855895196507,2090.909090909091
2006,1287.8747394859188,Infinity,2900.6013441811106,Infinity,4990.0199600798405,1586.1027190332327
2007,1370.117504992801,Infinity,2370.9483793517406,Infinity,5075.187969924812,748.8479262672811
2008,1546.6452103169283,Infinity,2172.760996290408,Infinity,4307.012700165655,713.1940906775344
2009,1301.957334506268,Infinity,3300.970873786408,Infinity,4987.9807692307695,2384.2917251051895
2010,1388.8262614420344,Infinity,3212.0523024445706,Infinity,4583.772391991571,2222.222222222222
2011,1276.7788829380258,Infinity,3860.6676342525398,Infinity,7061.63973668462,1296.5050732807215
