#{"white_adult"=>1327.0362856287625, "white_juvenile"=>48.97595725734639, "black_adult"=>Infinity, "black_juvenile"=>Infinity, "male_juvenile"=>43.41408352869671, "female_juvenile"=>91.38261902586129}
Year,White Adult,Black Adult,White Juvenile,Black Juvenile,Male Juvenile,Female Juvenile
2005,1041.286079649251,Infinity,80.84074373484236,NaN,0.0,181.8181818181818
2006,2132.207556244322,Infinity,70.74637424831977,NaN,66.53359946773121,75.52870090634441
2007,1202.9167247224932,Infinity,60.024009603841534,NaN,0.0,115.2073732718894
2008,1296.3211300344196,Infinity,26.497085320614733,NaN,55.21811154058532,0.0
2009,1438.3109742687486,Infinity,97.08737864077669,Infinity,120.1923076923077,280.50490883590464
2010,983.0004058258555,Infinity,0.0,NaN,0.0,0.0
2011,1310.2524866105587,Infinity,29.027576197387514,Infinity,59.844404548174744,56.36978579481398
