#{"white_adult"=>381.1487677520205, "white_juvenile"=>320.56990204808545, "black_adult"=>Infinity, "black_juvenile"=>Infinity, "male_juvenile"=>920.3785708083702, "female_juvenile"=>73.10609522068903}
Year,White Adult,Black Adult,White Juvenile,Black Juvenile,Male Juvenile,Female Juvenile
2005,333.39422725611985,Infinity,323.36297493936945,Infinity,1018.9228529839884,90.9090909090909
2006,534.3878587078502,Infinity,389.10505836575874,NaN,1131.0711909514305,0.0
2007,441.22428126886814,Infinity,240.09603841536614,Infinity,814.5363408521303,115.2073732718894
2008,438.06714049439006,Infinity,344.4621091679915,Infinity,1325.2346769740475,50.94243504839531
2009,422.2564328128437,Infinity,550.1618122977346,NaN,1021.6346153846154,210.37868162692845
2010,257.02304189024665,Infinity,198.9766913018761,Infinity,632.2444678609062,61.72839506172839
2011,258.2249426166794,Infinity,232.2206095791001,Infinity,538.5996409335727,0.0
