#{"white_adult"=>107.75933747962884, "white_juvenile"=>151.38023152270705, "black_adult"=>Infinity, "black_juvenile"=>Infinity, "male_juvenile"=>312.5814014066163, "female_juvenile"=>27.414785707758384}
Year,White Adult,Black Adult,White Juvenile,Black Juvenile,Male Juvenile,Female Juvenile
2005,91.34088417975886,Infinity,80.84074373484236,NaN,145.5604075691412,0.0
2006,74.81430021909901,Infinity,176.86593562079943,NaN,399.2015968063872,0.0
2007,78.9559240165343,Infinity,150.06002400960384,NaN,313.2832080200501,57.6036866359447
2008,116.22189441687901,Infinity,105.98834128245893,NaN,220.87244616234128,0.0
2009,136.35363976248075,Infinity,226.53721682847896,Infinity,480.7692307692308,0.0
2010,144.29363755241917,Infinity,170.55144968732233,NaN,263.43519494204423,123.45679012345678
2011,105.20275439938791,Infinity,145.1378809869376,NaN,359.0664272890485,0.0
