#{"white_adult"=>198.22396647487275, "white_juvenile"=>80.14247551202136, "black_adult"=>Infinity, "black_juvenile"=>NaN, "male_juvenile"=>121.55943388035078, "female_juvenile"=>36.553047610344514}
Year,White Adult,Black Adult,White Juvenile,Black Juvenile,Male Juvenile,Female Juvenile
2005,214.65107782243334,Infinity,121.26111560226354,NaN,218.34061135371178,0.0
2006,213.75514348314007,Infinity,106.11956137247967,NaN,66.53359946773121,151.05740181268882
2007,157.9118480330686,Infinity,0.0,NaN,0.0,0.0
2008,169.86276876313084,NaN,0.0,NaN,0.0,0.0
2009,189.13569386408622,Infinity,161.81229773462783,NaN,240.3846153846154,70.12622720897616
2010,211.93128015511564,Infinity,113.7009664582149,NaN,210.7481559536354,0.0
2011,234.31522570772765,Infinity,87.08272859216255,NaN,119.68880909634949,56.36978579481398
