#{"white_adult"=>6.651810955532644, "white_juvenile"=>4.4523597506678545, "black_adult"=>Infinity, "black_juvenile"=>NaN, "male_juvenile"=>8.682816705739342, "female_juvenile"=>0.0}
Year,White Adult,Black Adult,White Juvenile,Black Juvenile,Male Juvenile,Female Juvenile
2006,10.687757174157003,Infinity,0.0,NaN,0.0,0.0
2007,4.644466118619665,Infinity,0.0,NaN,0.0,0.0
2008,4.470072862187654,NaN,0.0,NaN,0.0,0.0
2009,4.398504508467121,NaN,32.362459546925564,NaN,60.09615384615385,0.0
2010,18.036704694052396,NaN,0.0,NaN,0.0,0.0
2011,4.781943381790359,NaN,0.0,NaN,0.0,0.0
