#{"white_adult"=>917.2847307679515, "white_juvenile"=>164.73731077471058, "black_adult"=>Infinity, "black_juvenile"=>Infinity, "male_juvenile"=>338.6298515238343, "female_juvenile"=>18.276523805172257}
Year,White Adult,Black Adult,White Juvenile,Black Juvenile,Male Juvenile,Female Juvenile
2005,324.2601388381439,Infinity,0.0,NaN,0.0,0.0
2006,598.5144017527921,Infinity,35.373187124159884,NaN,66.53359946773121,0.0
2007,1430.4955645348568,Infinity,90.0360144057623,Infinity,250.62656641604008,57.6036866359447
2008,1256.0904742747307,Infinity,105.98834128245893,Infinity,276.09055770292656,0.0
2009,1319.5513525401363,Infinity,420.7119741100324,NaN,841.3461538461538,0.0
2010,942.4178202642377,Infinity,341.10289937464466,NaN,579.5574288724974,61.72839506172839
2011,468.6304514154553,Infinity,116.11030478955006,NaN,239.37761819269898,0.0
