#{"white_adult"=>94.45571556856355, "white_juvenile"=>258.2368655387355, "black_adult"=>Infinity, "black_juvenile"=>Infinity, "male_juvenile"=>581.7487192845359, "female_juvenile"=>27.414785707758384}
Year,White Adult,Black Adult,White Juvenile,Black Juvenile,Male Juvenile,Female Juvenile
2005,100.47497259773476,Infinity,363.78334680679063,Infinity,1018.9228529839884,0.0
2006,128.25308608988402,Infinity,353.73187124159887,Infinity,731.8695941450433,0.0
2007,106.82272072825229,Infinity,330.13205282112847,Infinity,877.1929824561403,115.2073732718894
2008,89.40145724375307,Infinity,158.9825119236884,NaN,276.09055770292656,50.94243504839531
2009,83.5715856608753,NaN,226.53721682847896,NaN,420.6730769230769,0.0
2010,81.1651711232358,Infinity,85.27572484366117,NaN,158.06111696522655,0.0
2011,76.51109410864575,Infinity,348.3309143686502,Infinity,777.9772591262716,0.0
