#{"white_adult"=>439.0195230651545, "white_juvenile"=>454.1406945681211, "black_adult"=>Infinity, "black_juvenile"=>Infinity, "male_juvenile"=>885.6473039854129, "female_juvenile"=>255.8713332724116}
Year,White Adult,Black Adult,White Juvenile,Black Juvenile,Male Juvenile,Female Juvenile
2005,548.0453050785532,Infinity,970.0889248181084,Infinity,1819.5050946142649,909.090909090909
2006,609.2021589269492,Infinity,459.85143261407853,NaN,931.4703925482369,226.58610271903325
2007,575.9137987088384,Infinity,420.16806722689074,Infinity,1002.5062656641603,288.0184331797235
2008,420.18684904563946,Infinity,185.47959724430314,NaN,441.74489232468255,101.88487009679062
2009,294.6998020672971,Infinity,679.6116504854369,NaN,1081.7307692307693,210.37868162692845
2010,275.05974658429903,Infinity,284.25241614553727,Infinity,368.80927291886195,246.91358024691357
2011,382.55547054322875,Infinity,377.35849056603774,Infinity,837.8216636744463,56.36978579481398
