#{"white_adult"=>5441.846542721256, "white_juvenile"=>3918.0765805877113, "black_adult"=>Infinity, "black_juvenile"=>Infinity, "male_juvenile"=>6885.473647651298, "female_juvenile"=>1827.6523805172255}
Year,White Adult,Black Adult,White Juvenile,Black Juvenile,Male Juvenile,Female Juvenile
2005,4178.845451223968,Infinity,4001.616814874697,Infinity,6622.998544395925,2545.4545454545455
2006,5691.230695238604,Infinity,3784.931022285108,Infinity,6453.759148369927,1888.21752265861
2007,6841.298592726766,Infinity,3301.3205282112845,Infinity,6954.887218045113,1152.073732718894
2008,5802.1545751195745,Infinity,2914.6793852676205,Infinity,5797.901711761458,916.9638308711156
2009,5902.793050362876,Infinity,4627.8317152103555,Infinity,7512.0192307692305,2524.544179523142
2010,5149.479190151959,Infinity,4235.361000568505,Infinity,6164.3835616438355,2777.777777777778
2011,4523.71843917368,Infinity,4702.4673439767785,Infinity,8797.127468581688,1578.3540022547913
