#{"white_adult"=>0.0, "white_juvenile"=>8.688389508909802, "black_adult"=>0.0, "black_juvenile"=>0.0, "male_juvenile"=>30.547348390004508, "female_juvenile"=>13.792799055469121}
Year,White Adult,Black Adult,White Juvenile,Black Juvenile,Male Juvenile,Female Juvenile
2005,0.0,0.0,1.7627668388302278,0.0,9.77421561919656,9.88012119615334
2007,0.0,0.0,5.862122870095358,0.0,19.026599185661553,22.309808879303937
2008,0.0,0.0,0.0,0.0,0.0,4.4257579110422665
2009,0.0,0.0,5.62282115680174,0.0,44.44444444444445,7.373271889400922
2010,0.0,0.0,8.206474908702965,0.0,63.05637982195846,11.72103926548154
2011,0.0,0.0,41.52047997674853,0.0,85.40704219884313,41.36675767353355
