#{"white_adult"=>0.5103164393730331, "white_juvenile"=>0.5605412586393421, "black_adult"=>0.0, "black_juvenile"=>0.0, "male_juvenile"=>1.5023286093444839, "female_juvenile"=>0.0}
Year,White Adult,Black Adult,White Juvenile,Black Juvenile,Male Juvenile,Female Juvenile
2005,0.590494805121952,0.0,0.0,0.0,0.0,0.0
2006,1.1114074864408285,0.0,0.0,0.0,0.0,0.0
2007,0.5563375188459334,0.0,0.0,0.0,3.805319837132311,0.0
2008,0.0,0.0,0.0,0.0,0.0,0.0
2009,0.27255457223922663,0.0,3.7485474378678263,0.0,6.349206349206349,0.0
2010,0.2654653474808666,0.0,0.0,0.0,0.0,0.0
2011,0.7937683889676778,0.0,0.0,0.0,0.0,0.0
