#{"white_adult"=>0.0, "white_juvenile"=>212.164866394991, "black_adult"=>0.0, "black_juvenile"=>157.37596289240454, "male_juvenile"=>357.55420902398714, "female_juvenile"=>520.816092334514}
Year,White Adult,Black Adult,White Juvenile,Black Juvenile,Male Juvenile,Female Juvenile
2005,0.0,0.0,255.60119163038306,46.21072088724584,325.807187306552,605.9807666974049
2006,0.0,0.0,241.84276255798278,73.42143906020557,362.8371070718348,738.5644917778594
2007,0.0,0.0,363.4516179459122,901.3520280420631,551.771376384185,910.9838625715773
2008,0.0,0.0,280.18762193350216,117.67474699929394,623.4079635339858,668.2894445673821
2009,0.0,0.0,123.70206544963825,189.71732119142476,263.4920634920635,305.99078341013825
2010,0.0,0.0,65.65179926962372,0.0,133.53115727002967,168.0015628052354
2011,0.0,0.0,147.39770391745728,56.68934240362812,232.92829690593578,235.79051873914122
