#{"white_adult"=>0.2236817205955839, "white_juvenile"=>0.0, "black_adult"=>5.528284492023824, "black_juvenile"=>5.215123859191656, "male_juvenile"=>2.753923193082145, "female_juvenile"=>0.0}
Year,White Adult,Black Adult,White Juvenile,Black Juvenile,Male Juvenile,Female Juvenile
2005,1.8596624340749668,44.5340947790323,0.0,36.43650938240117,22.42236256960275,0.0
