#{"white_adult"=>0.0, "white_juvenile"=>1337.4898498240636, "black_adult"=>0.0, "black_juvenile"=>1843.5462842242505, "male_juvenile"=>2044.3289836646456, "female_juvenile"=>931.8304498586472}
Year,White Adult,Black Adult,White Juvenile,Black Juvenile,Male Juvenile,Female Juvenile
2005,0.0,0.0,1467.8598712212158,1396.7328596587115,1995.590268694645,906.6767830045524
2006,0.0,0.0,21.260763261401085,19.43508681005442,29.118439251656113,11.723329425556859
2007,0.0,0.0,1498.8497199823391,1847.5288467951711,2259.371833839919,914.9774774774775
2008,0.0,0.0,2225.033811788316,3550.369312891813,3430.5265388924213,1652.492567240545
2009,0.0,0.0,2099.399235390497,2425.3075571177505,3119.1515907673115,1386.3159194763493
2010,0.0,0.0,1316.028134384006,1999.777183600713,2002.3772515314988,1050.0575373993095
2011,0.0,0.0,753.8887298406336,1562.7753951001703,1333.050645323722,576.348370570656
