#{"white_adult"=>1.3420903235735036, "white_juvenile"=>0.0, "black_adult"=>20.487171941029466, "black_juvenile"=>46.06692742285962, "male_juvenile"=>24.32632153889228, "female_juvenile"=>0.0}
Year,White Adult,Black Adult,White Juvenile,Black Juvenile,Male Juvenile,Female Juvenile
2005,1.8596624340749668,44.5340947790323,0.0,36.43650938240117,22.42236256960275,0.0
2006,0.0,14.873205919535955,0.0,64.7836227001814,36.39804906457014,0.0
2007,0.6656260712419585,52.05748114429608,0.0,100.04668845461214,50.658561296859176,0.0
2008,0.0,18.682204033020795,0.0,37.24163614921482,18.16695431010991,0.0
2009,0.0,5.4055222815628445,0.0,82.01523140011716,45.96644449551827,0.0
2010,5.254216508748271,13.012752497447497,0.0,11.140819964349376,6.095516747432264,0.0
2011,1.3134046074233627,3.0817590680760576,0.0,0.0,0.0,0.0
