#{"white_adult"=>0.0, "white_juvenile"=>59.73436872905797, "black_adult"=>0.0, "black_juvenile"=>80.83441981747067, "male_juvenile"=>55.99643825933695, "female_juvenile"=>75.93709115195652}
Year,White Adult,Black Adult,White Juvenile,Black Juvenile,Male Juvenile,Female Juvenile
2005,0.0,0.0,480.1920768307323,449.3836157162811,407.33958668111666,546.2822458270106
2006,0.0,0.0,0.0,19.43508681005442,7.279609812914028,3.9077764751856194
2007,0.0,0.0,4.64759603095299,6.669779230307476,0.0,10.557432432432433
2008,0.0,0.0,10.907028489158414,24.827757432809886,18.16695431010991,10.371292263015972
2009,0.0,0.0,0.0,23.432923257176334,0.0,12.350253180190194
2010,0.0,0.0,6.046071061488543,33.42245989304813,3.047758373716132,23.014959723820482
2011,0.0,0.0,9.5428953144384,5.8750954703013925,10.600800360427211,7.115411982353779
