#{"white_adult"=>0.0, "white_juvenile"=>344.48870901271226, "black_adult"=>0.0, "black_juvenile"=>771.6484014964396, "male_juvenile"=>942.5236029599387, "female_juvenile"=>444.0163894284922}
Year,White Adult,Black Adult,White Juvenile,Black Juvenile,Male Juvenile,Female Juvenile
2005,0.0,0.0,381.91366023324014,890.0212314225054,932.9221279876638,638.2118516807208
2006,0.0,0.0,285.30670470756064,501.5908057918317,547.1746356430581,377.9372295557868
2007,0.0,0.0,295.650820820042,447.14963360933064,621.3492154392395,236.76046372394276
2008,0.0,0.0,264.3171806167401,556.5583634175691,722.9063284935366,284.6500923598704
2009,0.0,0.0,263.0547937538479,904.8662867163524,1072.6050863091316,438.4659106287384
2010,0.0,0.0,473.7961709533939,1032.2864045684164,1430.4832713754647,518.0192725449785
2011,0.0,0.0,507.9416270257196,1098.5245121370776,1325.172331827906,639.5497569710924
