#{"white_adult"=>0.0, "white_juvenile"=>99.33110014476978, "black_adult"=>0.0, "black_juvenile"=>175.46526959092168, "male_juvenile"=>122.79918346516968, "female_juvenile"=>205.6840627499633}
Year,White Adult,Black Adult,White Juvenile,Black Juvenile,Male Juvenile,Female Juvenile
2005,0.0,0.0,238.69603764577508,468.7898089171975,336.674376766898,528.4740672288322
2006,0.0,0.0,92.7246790299572,150.96422310239595,79.26361544362055,216.35537054280547
2007,0.0,0.0,124.48455613475453,107.1118894197256,85.9008131943649,144.23338594676972
2008,0.0,0.0,64.07689227072487,144.780385078219,94.95803467499847,163.52239348332978
2009,0.0,0.0,50.37219454860917,171.8544498027181,94.87415996837528,194.87373805721708
2010,0.0,0.0,96.69309611293754,82.78565273952931,65.4275092936803,103.04684453851723
2011,0.0,0.0,24.187696525034266,91.38505473584009,80.2234371285952,83.141468406242
