#{"white_adult"=>1.4523794674551664, "white_juvenile"=>0.0, "black_adult"=>3.024832361269845, "black_juvenile"=>0.0, "male_juvenile"=>0.0, "female_juvenile"=>0.0}
Year,White Adult,Black Adult,White Juvenile,Black Juvenile,Male Juvenile,Female Juvenile
2005,0.6041164494868031,1.4469528980657858,0.0,0.0,0.0,0.0
2007,0.0,0.36619573894638163,0.0,0.0,0.0,0.0
2008,3.0122115054430663,2.8451222157811817,0.0,0.0,0.0,0.0
2009,6.065050422623741,6.926958684154929,0.0,0.0,0.0,0.0
2010,0.0,6.835456881937989,0.0,0.0,0.0,0.0
2011,0.0,2.3807823250720186,0.0,0.0,0.0,0.0
